batchFillOrKillOrders,batchCancelOrders,fillOrder,fillOrKillOrder,batchFillOrders,cancelOrder,fillOrdersUpTo
0,0,1,0,0,0,0
0,0,1,0,0,0,0
0,0,1,0,0,0,0
0,0,1,0,0,0,0
0,0,1,0,0,0,0
0,0,1,0,0,0,0
0,0,1,0,0,0,0
0,0,1,0,0,0,0
0,0,1,0,0,0,0
0,0,1,0,0,0,0
0,0,1,0,0,0,0
0,0,1,0,0,0,0
0,0,1,0,0,0,0
0,0,1,0,0,0,0
0,0,1,0,0,0,0
0,0,1,0,0,0,0
0,0,1,0,0,0,0
0,0,1,0,0,0,0
0,0,1,0,0,1,0
0,0,1,0,0,0,0
0,0,1,0,0,0,0
0,0,1,0,0,0,0
0,0,1,0,0,0,0
0,0,1,0,0,0,0
0,0,1,0,0,0,0
0,0,1,0,0,0,0
0,0,1,0,0,0,0
0,0,1,0,0,0,0
0,0,1,0,0,0,0
0,0,1,0,0,0,0
0,0,0,0,0,1,0
0,0,1,0,0,0,0
0,0,1,0,0,1,1
0,0,1,0,0,1,0
0,0,1,0,0,0,0
0,0,1,0,0,0,0
0,0,1,0,0,0,0
0,0,1,0,0,0,0
0,0,1,0,0,0,0
0,0,1,0,0,0,0
0,0,1,0,0,0,0
0,0,1,0,0,1,0
0,0,1,0,0,0,0
0,0,1,0,0,0,0
0,0,1,0,0,0,0
0,0,1,0,0,0,0
0,0,1,0,0,0,0
0,0,1,0,0,0,0
0,0,1,0,0,0,0
0,0,1,0,0,0,0
0,0,1,0,0,0,0
0,0,1,0,0,0,0
0,0,1,0,0,0,0
0,0,1,0,0,0,0
0,0,1,0,0,0,0
0,0,1,0,0,0,0
0,0,1,0,0,0,0
0,0,1,0,0,0,0
0,0,1,0,0,0,0
0,0,1,0,0,0,0
0,0,1,0,0,0,0
0,0,1,0,0,0,0
0,0,1,0,0,0,0
0,0,1,0,0,0,0
0,0,1,0,0,1,0
0,0,1,0,0,0,0
0,0,1,0,0,0,0
0,0,1,0,0,0,0
0,0,1,0,0,0,0
0,0,1,0,0,1,0
0,0,1,0,0,0,0
0,0,1,0,0,0,0
0,0,1,0,0,0,1
0,0,1,0,0,0,0
0,0,1,0,0,0,0
0,0,1,0,0,0,0
0,0,1,0,0,0,0
0,0,1,0,0,0,0
0,0,1,0,0,0,0
0,0,1,0,0,1,0
0,0,1,0,0,0,0
0,0,1,0,0,0,0
0,0,1,0,0,0,0
0,0,1,0,0,0,0
0,0,1,0,0,0,0
0,0,1,0,0,0,0
0,0,1,0,0,0,0
0,0,1,0,0,0,0
0,0,1,0,0,0,0
0,0,1,0,0,0,0
0,0,1,0,0,1,0
0,0,1,0,0,0,0
0,0,1,0,0,1,0
0,0,1,0,0,0,0
0,0,1,0,0,0,0
0,0,1,0,0,0,0
0,0,1,0,0,0,0
0,0,1,0,0,0,0
0,0,1,0,0,0,0
0,0,1,0,0,0,0
0,0,1,0,0,0,0
0,0,1,0,0,0,0
0,0,1,0,0,0,0
0,0,1,0,0,0,0
0,0,1,0,0,1,0
0,0,1,0,0,1,0
0,0,1,0,0,0,0
0,0,1,0,0,0,0
0,0,1,0,0,0,0
0,0,1,0,0,0,0
0,0,1,0,0,0,0
0,0,1,0,0,0,0
0,0,1,0,0,0,0
0,0,1,0,0,0,0
0,0,1,0,0,1,0
0,0,1,0,0,0,0
0,0,1,0,0,0,0
0,0,1,0,0,0,0
0,0,1,0,0,1,0
0,0,1,0,0,0,0
0,0,1,0,0,0,0
0,0,1,0,0,0,0
0,0,1,0,0,1,1
0,0,1,0,0,0,0
0,0,1,0,0,0,0
0,0,1,0,0,1,0
0,0,1,0,0,0,0
0,0,1,0,0,0,0
0,0,1,0,0,1,0
0,0,1,0,0,1,1
0,0,1,0,0,1,1
0,0,1,0,0,0,1
0,0,1,0,0,0,0
0,0,1,0,0,0,0
0,0,1,0,0,0,0
0,0,1,0,0,0,0
0,0,1,0,0,0,0
0,0,1,0,0,0,0
0,0,1,0,0,0,0
0,0,1,0,1,1,0
0,0,1,0,1,1,0
0,0,1,0,0,1,0
0,0,1,0,0,0,0
0,0,1,0,0,0,0
0,0,1,0,0,0,0
0,0,1,0,1,0,0
0,0,1,0,0,0,0
0,0,1,0,0,0,0
0,0,1,0,0,0,0
0,0,1,0,0,0,0
0,0,1,0,0,0,0
0,0,1,0,0,0,0
0,0,1,0,0,1,0
0,0,1,0,0,0,0
0,0,1,0,0,0,0
0,0,1,0,0,1,0
0,0,1,0,0,0,0
0,0,1,0,0,1,1
0,0,1,0,0,0,0
0,0,1,0,0,0,0
0,0,1,0,0,0,0
0,0,0,0,0,1,0
0,0,1,0,0,0,0
0,0,1,0,1,1,1
0,0,0,0,1,0,0
0,0,0,0,0,1,0
0,0,0,0,0,1,0
0,0,1,0,0,0,0
0,0,1,0,1,1,0
0,0,0,0,0,1,0
0,0,0,0,0,1,0
0,0,1,0,1,1,1
0,0,1,0,0,1,0
0,0,0,0,1,0,0
0,0,1,0,0,0,0
0,0,0,0,0,1,0
0,0,1,0,0,1,1
0,0,1,0,0,1,1
0,0,1,0,0,1,1
0,0,1,0,0,0,0
0,0,1,0,0,1,1
0,0,1,0,0,1,1
0,0,1,0,0,1,1
0,0,1,0,0,1,0
0,0,1,0,1,1,0
0,0,1,0,0,1,0
0,0,1,0,0,1,1
0,0,1,0,0,1,0
0,0,1,0,0,1,0
0,0,1,0,0,0,0
0,0,1,0,0,1,1
0,0,1,0,0,1,0
0,0,1,0,0,1,0
0,0,1,0,0,1,0
0,0,1,0,0,1,0
0,0,1,0,0,1,0
0,0,1,0,0,1,1
0,0,1,0,0,1,0
0,0,1,0,0,1,0
0,0,1,0,0,0,0
0,0,1,0,0,1,0
0,0,1,0,0,1,0
0,0,1,0,0,0,0
0,0,1,0,0,0,0
0,0,1,0,0,0,0
0,0,0,0,0,1,0
0,0,0,0,0,1,0
0,0,1,0,0,0,0
0,0,1,0,0,0,0
0,0,1,0,0,0,0
0,0,1,0,0,1,1
0,0,1,0,0,1,0
0,0,1,0,0,0,0
0,0,0,0,0,1,0
0,0,1,0,0,0,0
0,0,1,0,0,1,0
0,0,1,0,0,0,0
0,0,1,0,0,1,0
0,0,1,0,0,0,0
0,0,1,0,0,0,0
0,0,1,0,0,1,1
0,0,1,0,0,1,0
0,0,1,0,0,1,0
0,0,1,0,0,1,0
0,0,1,0,0,1,0
0,0,1,0,0,0,0
0,0,1,0,0,0,0
0,0,1,0,0,1,0
0,0,1,0,0,0,0
0,0,1,0,0,1,0
0,0,1,0,0,0,0
0,0,0,0,0,1,0
0,0,1,0,0,1,1
0,0,1,0,0,1,1
0,0,1,0,0,0,0
0,0,1,0,0,1,0
0,0,1,0,0,0,0
0,0,1,0,0,1,0
0,0,1,0,0,1,0
0,0,1,0,0,0,0
0,0,1,0,0,0,1
0,0,1,0,0,1,0
0,0,1,0,0,1,0
0,0,1,0,0,1,0
0,0,1,0,0,1,0
0,0,1,0,0,0,0
0,0,1,0,0,1,0
0,0,1,0,0,1,0
0,0,1,0,0,0,0
0,0,1,0,1,1,1
0,0,1,0,0,0,0
0,0,1,0,0,0,0
0,0,1,0,0,1,0
0,0,0,0,0,1,0
0,0,1,0,0,1,0
0,0,1,0,0,0,0
0,0,1,0,0,0,0
0,0,1,0,0,0,0
0,0,1,0,0,1,0
0,0,1,0,0,0,0
0,0,1,0,0,1,1
0,0,1,0,0,0,0
0,0,1,0,0,1,1
0,0,1,0,0,1,1
0,0,0,0,0,1,0
0,0,0,0,0,1,0
0,0,1,0,0,0,0
0,0,0,0,0,1,0
0,0,1,0,0,0,0
0,0,1,0,0,0,0
0,0,1,0,0,1,0
0,0,1,0,0,1,0
0,0,1,0,0,1,0
0,0,1,0,0,1,0
0,0,1,0,0,0,0
0,0,1,0,0,0,0
0,0,1,0,0,0,0
0,0,1,0,0,0,0
0,0,1,0,0,0,0
0,0,0,0,0,1,0
0,0,0,0,0,1,1
0,0,0,0,0,1,0
0,0,1,0,0,1,0
0,0,1,0,0,1,0
0,0,1,0,0,1,0
0,0,1,0,0,0,0
0,0,1,0,0,1,1
0,0,1,0,0,1,1
0,0,1,0,0,1,1
0,0,1,0,0,0,0
0,0,1,0,0,1,0
0,0,0,0,0,1,0
0,0,1,0,0,0,0
0,0,0,0,0,1,0
0,0,1,0,0,1,0
0,0,1,0,0,0,0
0,0,1,0,0,1,0
0,0,0,0,0,1,1
0,0,1,0,0,0,0
0,0,0,0,0,1,0
0,0,1,0,0,1,0
0,0,1,0,0,1,0
0,0,1,0,0,1,0
0,0,1,0,0,1,0
0,0,1,0,0,1,0
0,0,1,0,0,1,0
0,0,0,0,0,1,0
0,0,1,0,0,1,1
0,0,1,0,0,1,0
0,0,1,0,0,1,0
0,0,0,0,0,1,0
0,0,1,0,0,1,0
0,0,1,0,0,0,0
0,0,0,0,0,1,0
0,0,1,0,0,1,0
0,0,1,0,0,0,0
0,0,1,0,0,0,0
0,0,1,0,0,1,0
0,0,1,0,0,1,0
0,0,1,0,0,1,0
0,0,1,0,0,0,0
0,0,1,0,0,0,0
0,0,1,0,0,1,0
0,0,1,0,0,1,0
0,0,1,0,0,1,0
0,0,1,0,0,1,0
0,0,1,0,0,1,0
0,0,1,0,0,1,0
0,0,0,0,0,1,0
0,0,0,0,0,1,0
0,0,0,0,0,1,0
0,0,1,0,0,0,0
0,0,1,0,0,0,0
0,0,1,0,0,0,0
0,0,1,0,0,0,0
0,0,1,0,0,0,0
0,0,1,0,0,1,0
0,0,1,0,0,1,0
0,0,1,0,0,1,0
0,0,1,0,0,1,0
0,0,1,0,0,0,0
0,0,1,0,0,0,0
0,0,1,0,0,1,0
0,0,1,0,0,1,1
0,0,1,0,0,1,0
0,0,0,0,0,1,0
0,0,0,0,0,1,0
0,0,1,0,0,1,0
0,0,0,0,0,1,0
0,0,1,0,0,0,0
0,0,1,0,0,1,0
0,0,1,0,0,1,0
0,0,1,0,0,1,0
0,0,1,0,0,1,0
0,0,0,0,0,1,0
0,0,1,0,0,0,0
0,0,1,0,0,1,0
0,0,1,0,0,1,0
0,0,1,0,0,1,0
0,0,1,0,0,1,0
0,0,0,0,0,1,0
0,0,1,0,0,1,0
0,0,1,0,0,0,0
0,0,0,0,0,1,0
0,0,0,0,0,1,0
0,0,0,0,0,1,0
0,0,1,0,0,1,0
0,0,1,0,0,1,0
0,0,1,0,0,0,0
0,0,1,0,0,0,0
0,0,1,0,0,1,1
0,0,1,0,0,0,0
0,0,1,0,0,1,0
0,0,1,0,0,1,0
0,0,0,0,0,1,0
0,0,0,0,0,1,0
0,0,0,0,0,1,0
0,0,1,0,0,1,0
0,0,0,0,0,1,0
0,0,1,0,0,1,0
0,0,1,0,0,1,0
0,0,1,0,0,1,1
0,0,1,0,0,1,0
0,0,1,0,0,1,0
0,0,1,0,0,1,0
0,0,1,0,0,1,0
0,0,0,0,0,1,0
0,0,1,0,0,0,0
0,0,1,0,0,1,0
0,0,1,0,0,1,0
0,0,1,0,0,1,0
0,0,0,0,0,1,0
0,0,0,0,0,1,0
0,0,1,0,0,1,0
0,0,1,0,0,1,0
0,0,1,0,0,1,0
0,0,1,0,0,1,1
0,0,0,0,0,1,0
0,0,0,0,0,1,1
0,0,1,0,0,1,0
0,0,1,0,0,1,0
0,0,1,0,0,1,0
0,0,1,0,0,1,0
0,0,1,0,0,1,0
0,0,0,0,0,1,0
0,0,0,0,0,1,0
0,0,1,0,0,1,0
0,0,1,0,0,1,1
0,0,1,0,0,0,0
0,0,1,0,0,1,0
0,0,1,0,0,1,0
0,0,1,0,0,0,0
0,0,0,0,0,1,0
0,0,1,0,0,1,0
0,0,1,0,0,0,0
0,0,1,0,0,1,1
0,0,1,0,0,0,0
0,0,1,0,0,0,0
0,0,1,0,0,0,0
0,0,0,0,0,1,0
0,0,0,0,0,1,0
0,0,1,0,0,1,0
0,0,1,0,0,0,0
0,0,0,0,0,1,0
0,0,1,0,0,0,0
0,0,0,0,0,1,0
0,0,1,0,0,1,0
0,0,1,0,0,0,0
0,0,1,0,0,1,1
0,0,0,0,0,1,0
0,0,1,0,0,1,1
0,0,0,0,0,1,0
0,0,0,0,0,1,0
0,0,1,0,0,1,0
0,0,1,0,0,0,1
0,0,1,0,0,0,0
0,0,1,0,0,0,0
0,0,1,0,0,1,0
0,0,1,0,0,1,0
0,0,1,0,0,1,0
0,0,1,0,0,1,0
0,0,1,0,0,1,0
0,0,1,0,0,1,0
0,0,0,0,0,1,0
0,0,1,0,0,0,0
0,0,1,0,0,1,0
0,0,1,0,0,1,1
0,0,0,0,0,1,0
0,0,0,0,0,1,0
0,0,0,0,0,1,0
0,0,1,0,0,0,0
0,0,1,0,0,1,0
0,0,1,0,0,1,0
0,0,0,0,0,1,0
0,0,0,0,0,1,0
0,0,1,0,0,0,0
0,0,1,0,1,1,1
0,0,0,0,0,1,0
0,0,1,0,0,1,1
0,0,1,0,0,0,0
0,0,0,0,0,1,0
0,0,1,0,0,1,0
0,0,1,0,0,1,1
0,0,1,0,0,1,0
0,0,1,0,0,1,1
0,0,0,0,0,1,0
0,0,1,0,0,0,0
0,0,1,0,0,0,0
0,0,0,0,0,1,0
0,0,1,0,0,1,0
0,0,1,0,0,1,0
0,0,0,0,0,1,0
0,0,0,0,0,1,0
0,0,1,0,0,0,0
0,0,1,0,0,0,0
0,0,1,0,0,0,1
0,0,0,0,0,1,0
0,0,0,0,0,1,0
0,0,0,0,0,1,0
0,0,1,0,0,1,1
0,0,0,0,0,1,0
0,0,1,0,0,1,1
0,0,1,0,0,0,0
0,0,0,0,0,1,0
0,0,0,0,0,1,1
0,0,1,0,0,1,0
0,0,1,0,0,1,0
0,0,1,0,0,0,0
0,0,0,0,0,1,0
0,0,1,0,0,0,0
0,0,0,0,0,1,0
0,0,1,0,0,1,0
0,0,0,0,0,1,0
0,0,1,0,0,1,1
0,0,1,0,0,0,0
0,0,0,0,0,1,0
0,0,1,0,0,1,0
0,0,1,0,0,1,0
0,0,0,0,0,1,0
0,0,1,0,0,1,0
0,0,1,0,0,0,0
0,0,1,0,0,0,0
0,0,1,0,0,1,1
0,0,1,0,0,1,0
0,0,0,0,0,1,1
0,0,1,0,0,0,0
0,0,1,0,0,1,1
0,0,1,0,0,1,0
0,0,0,0,0,1,0
0,0,0,0,0,1,0
0,0,1,0,0,0,0
0,0,1,0,0,0,0
0,0,1,0,0,1,0
0,0,1,0,0,1,0
0,0,1,0,0,1,1
0,0,0,0,0,1,0
0,0,0,0,0,0,1
0,0,1,0,0,0,0
0,0,0,0,0,1,0
0,0,1,0,0,0,0
0,0,0,0,0,1,1
0,0,1,0,0,0,0
0,0,1,0,0,0,0
0,0,1,0,0,0,0
0,0,1,0,0,0,0
0,0,0,0,0,0,1
0,0,0,0,0,1,1
0,0,0,0,0,1,0
0,0,0,0,0,1,0
0,0,1,0,0,0,1
0,0,1,0,0,0,0
0,0,1,0,0,1,1
0,0,0,0,0,1,0
0,0,1,0,0,1,0
0,0,1,0,0,0,0
0,0,1,0,0,1,0
0,0,1,0,0,0,1
0,0,1,0,0,0,0
0,0,1,0,0,0,0
0,0,1,0,0,1,0
0,0,1,0,0,0,1
0,0,1,0,0,1,0
0,0,1,0,0,1,1
0,0,1,0,0,0,1
0,0,1,0,0,1,1
0,0,1,0,0,0,0
0,0,1,0,0,1,1
0,0,1,0,0,0,0
0,0,0,0,0,1,0
0,0,1,0,0,0,0
0,0,1,0,0,0,0
0,0,1,0,0,0,0
0,0,1,0,0,1,0
0,0,1,0,0,0,0
0,0,1,0,0,1,1
0,0,1,0,0,0,0
0,0,0,0,0,1,0
0,0,1,0,0,0,0
0,0,1,0,0,1,0
0,0,1,0,0,0,0
0,0,1,0,0,1,0
0,0,0,0,0,1,0
0,0,1,0,0,1,1
0,0,1,0,0,1,1
0,0,1,0,0,1,0
0,0,1,0,0,0,1
0,0,1,0,0,1,0
0,0,1,0,0,1,1
0,0,1,0,0,1,1
0,0,1,0,0,0,0
0,0,0,0,0,1,0
0,0,1,0,0,0,1
0,0,1,0,0,0,0
0,0,1,0,0,0,0
0,0,0,0,0,1,0
0,0,1,0,0,1,0
0,0,0,0,0,1,0
0,0,0,0,0,1,0
0,0,1,0,0,0,0
0,0,1,0,0,0,0
0,0,1,0,0,1,0
0,0,0,0,0,0,1
0,0,0,0,0,1,0
0,0,1,0,0,1,0
0,0,1,0,0,0,0
0,0,0,0,0,1,0
0,0,0,0,0,1,0
0,0,0,0,0,1,1
0,0,1,0,0,1,1
0,0,0,0,0,1,0
0,0,0,0,0,1,0
0,0,1,0,0,1,1
0,0,1,0,0,1,1
0,0,1,0,0,0,1
0,0,1,0,0,1,0
0,0,1,0,0,0,0
0,0,1,0,0,1,1
0,0,1,0,0,0,0
0,0,1,0,0,1,0
0,0,1,0,0,0,0
0,0,1,0,0,0,0
0,0,0,0,0,0,1
0,0,0,0,1,1,0
0,0,1,0,0,1,0
0,0,1,0,0,0,0
0,0,1,0,0,0,0
0,0,0,0,0,1,0
0,0,1,0,0,1,1
0,0,0,0,0,1,0
0,0,1,0,0,1,1
0,0,1,0,0,0,0
0,0,1,0,0,1,1
0,0,1,0,0,0,0
0,0,1,0,0,0,0
0,0,1,0,0,1,0
0,0,0,0,0,1,1
0,0,0,0,0,1,0
0,0,0,0,0,1,0
0,0,1,0,0,0,0
0,0,1,0,0,0,0
0,0,1,0,0,1,0
0,0,1,0,0,0,1
0,0,1,0,0,1,1
0,0,0,0,0,1,0
0,0,0,0,0,1,0
0,0,1,0,0,1,0
0,0,0,0,0,1,0
0,0,1,0,0,0,0
0,0,1,0,0,1,1
0,0,1,0,0,0,0
1,0,0,0,0,0,0
0,0,1,0,0,1,0
0,0,1,0,0,0,0
0,0,1,0,0,0,0
0,0,0,0,0,1,0
0,0,0,0,0,1,0
0,0,1,0,0,1,0
0,0,0,0,0,0,1
0,0,0,0,0,1,0
0,0,1,0,0,1,1
0,0,1,0,0,0,0
0,0,0,0,0,0,1
0,0,0,0,0,1,0
0,0,1,0,0,0,0
0,0,1,0,0,1,0
0,0,0,0,0,1,0
0,0,1,0,0,0,0
0,0,1,0,0,0,0
0,0,1,0,0,0,0
0,0,0,0,0,1,0
0,0,0,0,0,1,0
0,0,1,0,0,0,1
0,0,1,0,0,1,0
0,0,1,0,0,1,0
0,0,0,0,0,1,0
0,0,1,0,0,0,0
0,0,1,0,0,1,1
0,0,1,0,0,0,1
0,0,1,0,0,0,0
0,0,1,0,0,0,1
0,0,1,0,0,1,1
0,0,1,0,0,0,0
0,0,1,0,0,0,0
0,0,1,0,0,1,0
0,0,0,0,0,0,1
0,0,0,0,0,1,1
0,0,0,0,0,0,1
0,0,1,0,0,0,1
0,0,1,0,0,0,0
0,0,1,0,0,0,0
0,0,1,0,0,0,0
0,0,1,0,0,1,0
0,0,1,0,0,0,1
0,0,1,0,0,0,0
0,0,1,0,0,1,1
0,0,1,0,0,0,0
0,0,1,0,0,1,0
0,0,0,0,0,0,1
0,0,1,0,0,0,0
0,0,0,0,0,1,0
0,0,0,0,0,0,1
0,0,0,0,0,0,1
0,0,1,0,0,0,0
0,0,0,0,0,1,1
0,0,0,0,0,1,0
0,0,1,0,0,1,0
0,0,0,0,0,1,1
0,0,0,0,0,1,0
0,0,1,0,0,0,0
0,0,1,0,0,0,0
0,0,1,0,0,0,0
0,0,1,0,0,0,1
0,0,1,0,0,0,1
0,0,0,0,0,1,0
0,0,0,0,0,0,1
0,0,1,0,0,1,1
0,0,1,0,0,0,0
0,0,1,0,0,1,0
0,0,0,0,0,1,0
0,0,0,0,0,1,0
0,0,0,0,0,1,0
0,0,1,0,0,0,0
0,0,0,0,0,1,0
0,0,1,0,0,0,0
0,0,0,0,0,1,0
0,0,1,0,0,1,1
0,0,1,0,0,0,1
0,0,1,0,0,0,0
0,0,0,0,0,1,0
0,0,0,0,0,1,1
0,0,1,0,0,0,0
0,0,0,0,0,1,0
0,0,1,0,0,1,0
0,0,1,0,0,0,0
0,0,0,0,0,1,1
0,0,0,0,0,0,1
0,0,1,0,0,0,0
0,0,1,0,0,1,1
0,0,1,0,0,0,0
0,0,0,0,0,1,1
0,0,0,0,0,0,1
0,0,1,0,0,1,1
0,0,0,0,0,0,1
0,0,0,0,0,0,1
0,0,1,0,0,0,0
0,0,1,0,0,0,0
0,0,1,0,0,1,0
0,0,0,0,0,0,1
0,0,1,0,0,0,0
0,0,1,0,0,1,0
0,0,0,0,0,0,1
0,0,1,0,0,1,1
0,0,0,0,0,0,1
0,0,0,0,0,0,1
0,0,0,0,0,0,1
0,0,1,0,0,1,0
0,0,0,0,0,1,0
0,0,1,0,0,0,0
0,0,1,0,0,0,0
0,0,1,0,0,1,1
0,0,1,0,0,0,0
0,0,1,0,0,0,0
0,0,1,0,0,0,0
0,0,0,0,0,0,1
0,0,0,0,1,0,0
0,0,1,0,0,1,1
0,0,0,0,0,1,0
0,0,1,0,0,0,1
0,0,0,0,0,1,0
0,0,1,0,0,0,0
0,0,0,0,0,0,1
0,0,0,0,0,0,1
0,0,1,0,0,0,0
0,0,0,0,0,1,1
0,0,1,0,0,1,0
0,0,0,0,0,0,1
0,0,0,0,0,1,0
0,0,1,0,0,0,0
0,0,0,0,0,1,1
0,0,0,0,0,1,0
1,0,0,0,0,0,0
0,0,1,0,0,1,0
0,0,1,0,0,1,0
0,0,1,0,0,1,0
0,0,1,0,0,1,0
0,0,1,0,0,1,0
0,0,1,0,0,1,0
0,0,1,0,0,0,0
0,0,0,0,0,0,1
0,0,0,0,0,1,0
0,0,1,0,0,0,1
0,0,1,0,0,0,0
0,0,1,0,0,1,1
0,0,0,0,0,0,1
0,0,0,0,0,1,0
0,0,0,0,0,1,0
0,0,0,0,0,1,0
0,0,1,0,0,1,0
0,0,1,0,0,1,0
0,0,0,0,0,1,0
0,0,0,0,0,1,0
0,0,0,0,0,1,0
0,0,0,0,0,0,1
0,0,1,0,0,0,0
0,0,0,0,0,1,0
0,0,1,0,0,0,0
0,0,1,0,0,1,0
0,0,1,0,0,0,0
0,0,1,0,0,1,0
0,0,0,0,0,0,1
0,0,0,0,0,1,0
0,0,0,0,0,0,1
0,0,1,0,0,0,0
0,0,1,0,0,0,0
0,0,1,0,0,0,0
0,0,0,0,0,1,0
0,0,1,0,0,1,0
0,0,1,0,0,1,0
0,0,1,0,0,0,1
0,0,1,0,0,0,0
0,0,1,0,0,1,0
0,0,1,0,0,0,0
0,0,1,0,0,0,0
0,0,1,0,0,1,0
0,0,1,0,0,0,0
0,0,1,0,0,0,0
0,0,0,0,0,1,0
0,0,1,0,0,0,0
0,0,1,0,0,1,0
1,0,0,0,0,0,0
0,0,1,0,0,0,1
0,0,1,0,0,1,0
0,0,0,0,0,0,1
0,0,0,0,0,1,0
0,0,0,0,0,1,0
0,0,0,0,0,1,0
0,0,1,0,0,0,0
0,0,0,0,0,0,1
0,0,0,0,0,0,1
0,0,0,0,0,0,1
0,0,1,0,0,1,0
0,0,1,0,0,0,0
0,0,0,0,0,1,0
0,0,1,0,0,0,0
0,0,1,0,0,1,0
0,0,0,0,0,1,0
0,0,0,0,0,1,0
0,0,0,0,0,0,1
0,0,1,0,0,0,0
0,0,0,0,0,0,1
0,0,1,0,0,1,0
0,0,0,0,0,1,1
0,0,1,0,0,1,0
0,0,0,0,0,1,0
0,0,1,0,0,0,0
0,0,1,0,0,0,0
0,0,1,0,0,0,0
0,0,1,0,0,1,0
0,0,1,0,0,0,0
0,0,1,0,0,1,0
0,0,1,0,0,1,1
0,0,1,0,0,0,0
0,0,0,0,0,1,1
0,0,1,0,0,1,0
0,0,0,0,0,1,0
0,0,1,0,0,1,0
0,0,1,0,0,1,1
0,0,1,0,0,1,1
0,0,0,0,0,1,1
0,0,1,0,0,0,1
0,0,0,0,0,1,0
0,0,1,0,0,0,1
0,0,1,0,0,0,1
0,0,1,0,0,1,0
0,0,1,0,0,1,0
0,0,1,0,0,0,0
0,0,1,0,0,0,0
0,0,1,0,0,0,0
0,0,0,0,0,1,0
0,0,1,0,0,1,1
0,0,1,0,0,0,1
0,0,1,0,0,0,0
0,0,0,0,0,1,0
0,0,1,0,0,1,1
0,0,1,0,0,0,1
0,0,1,0,0,0,1
0,0,1,0,0,0,0
0,0,1,0,0,0,0
0,0,1,0,0,1,0
0,0,0,0,0,1,0
0,0,1,0,0,1,0
0,0,1,0,0,1,1
0,0,1,0,0,1,0
0,0,0,0,0,0,1
0,0,1,0,0,1,0
0,0,1,0,0,0,0
0,0,1,0,0,1,0
0,0,1,0,0,0,0
0,0,0,0,1,0,0
0,0,1,0,0,1,0
0,0,0,0,0,1,0
0,0,1,0,0,1,0
0,0,1,0,0,1,0
0,0,1,0,0,0,0
0,0,1,0,0,1,0
0,0,1,0,0,1,0
0,0,1,0,0,1,0
0,0,1,0,0,1,1
0,0,0,0,0,0,1
0,0,1,0,0,1,0
0,0,1,0,0,0,0
0,0,1,0,0,0,0
0,0,0,0,0,1,1
0,0,0,0,0,1,1
0,0,1,0,0,0,0
0,0,0,0,0,1,0
0,0,1,0,0,1,1
0,0,1,0,0,1,0
0,0,1,0,0,0,0
0,0,0,0,0,1,0
0,0,1,0,0,0,0
0,0,1,0,0,1,0
0,0,1,0,0,1,0
0,0,1,0,0,1,0
0,0,1,0,0,1,0
0,0,1,0,0,1,0
0,0,1,0,0,0,0
0,0,1,0,0,0,1
0,0,0,0,0,1,1
0,0,1,0,0,1,0
0,0,0,0,0,1,1
0,0,0,0,0,0,1
0,0,1,0,0,1,0
0,0,1,0,0,1,1
0,0,0,0,0,0,1
0,0,1,0,0,1,1
0,0,0,0,0,0,1
0,0,1,0,0,0,0
0,0,1,0,0,1,1
0,0,0,0,0,1,0
0,0,1,0,0,0,0
0,0,0,0,0,1,1
0,0,1,0,0,1,0
0,0,0,0,0,0,1
0,0,0,0,0,0,1
0,0,0,0,0,1,0
0,0,0,0,0,1,1
0,0,0,0,0,1,0
0,0,1,0,0,1,1
0,0,0,0,0,1,0
0,0,1,0,0,0,0
0,0,1,0,0,0,0
0,0,1,0,0,0,0
0,0,1,0,0,0,0
0,0,1,0,0,1,0
0,0,1,0,0,0,1
0,0,1,0,0,0,0
0,0,1,0,0,1,0
0,0,1,0,0,1,0
0,0,1,0,0,1,0
0,0,0,0,0,1,0
0,0,1,0,0,1,0
0,0,0,0,0,1,0
0,0,1,0,0,0,0
0,0,1,0,0,1,1
0,0,1,0,0,0,0
0,0,1,0,0,1,1
0,0,1,0,0,1,0
0,0,0,0,0,1,0
0,0,1,0,0,0,0
0,0,1,0,0,0,0
0,0,0,0,0,1,0
0,0,1,0,0,0,0
0,0,1,0,0,0,0
0,0,1,0,0,1,0
0,0,1,0,0,1,0
0,0,1,0,0,1,0
0,0,0,0,0,1,0
0,0,1,0,0,0,0
0,0,1,0,0,0,0
0,0,1,0,0,0,0
0,0,0,0,0,0,1
0,0,0,0,0,1,0
0,0,1,0,0,0,0
0,0,0,0,0,1,0
0,0,1,0,0,0,0
0,0,1,0,0,0,0
0,0,1,0,0,1,1
0,0,1,0,0,0,0
0,0,1,0,0,1,1
0,0,1,0,0,0,0
0,0,1,0,0,0,1
0,0,1,0,0,1,0
0,0,1,0,0,0,0
0,0,1,0,0,0,0
0,0,1,0,0,1,0
0,0,1,0,0,1,0
0,0,0,0,0,1,0
0,0,1,0,0,1,0
0,0,1,0,0,0,0
0,0,0,0,0,1,0
0,0,0,0,0,0,1
0,0,1,0,0,0,1
0,0,1,0,0,1,0
0,0,1,0,0,1,0
0,0,1,0,0,0,0
0,0,1,0,0,0,0
0,0,0,0,0,1,1
0,0,1,0,0,0,0
0,0,1,0,0,0,1
0,0,1,0,0,0,0
0,0,1,0,0,0,0
0,0,1,0,0,0,0
0,0,1,0,0,1,0
0,0,1,0,0,0,0
0,0,1,0,0,0,0
0,0,1,0,0,0,0
0,0,0,0,0,1,1
0,0,1,0,0,0,0
0,0,1,0,0,0,1
0,0,0,0,0,0,1
0,0,1,0,0,0,0
0,0,1,0,0,1,0
0,0,1,0,0,0,0
0,0,1,0,0,1,0
0,0,1,0,0,1,0
0,0,0,0,0,0,1
0,0,1,0,0,0,0
0,0,1,0,0,0,0
0,0,1,0,0,1,0
0,0,1,0,0,1,0
0,0,1,0,0,0,0
0,0,1,0,0,0,0
0,0,1,0,0,1,0
0,0,0,0,0,0,1
0,0,0,0,0,0,1
0,0,1,0,0,1,0
0,0,1,0,0,0,0
0,0,1,0,0,0,0
0,0,0,0,0,1,1
0,0,0,0,0,0,1
0,0,1,0,0,1,0
0,0,1,0,0,0,0
0,0,1,0,0,0,0
0,0,1,0,0,0,0
0,0,1,0,0,0,1
0,0,1,0,0,0,0
0,0,1,0,0,0,0
0,0,1,0,0,0,0
0,0,0,0,0,1,0
0,0,1,0,0,1,0
0,0,1,0,0,0,0
0,0,1,0,0,0,0
0,0,1,0,0,0,0
0,0,0,0,0,1,0
0,0,1,0,0,1,0
0,0,1,0,0,0,0
0,0,1,0,0,0,1
0,0,0,0,0,1,0
0,0,0,0,0,0,1
0,0,1,0,0,1,0
0,0,1,0,0,0,0
0,0,1,0,0,0,1
0,0,1,0,0,0,0
0,0,1,0,0,0,0
0,0,1,0,0,1,0
0,0,0,0,0,0,1
0,0,1,0,0,0,0
0,0,0,0,0,1,0
0,0,1,0,0,1,1
0,0,1,0,0,0,0
0,0,1,0,0,0,0
0,0,1,0,0,0,0
0,0,1,0,0,1,1
0,0,1,0,0,0,1
0,0,1,0,0,1,0
0,0,0,0,0,1,0
0,0,1,0,0,0,1
0,0,0,0,0,1,0
0,0,1,0,0,0,1
0,0,1,0,0,0,0
0,0,0,0,0,1,1
0,0,1,0,0,1,0
0,0,1,0,0,0,0
0,0,1,0,0,0,0
0,0,1,0,0,0,1
0,0,1,0,0,0,1
0,0,1,0,0,0,0
0,0,1,0,0,0,1
0,0,1,0,0,1,0
0,0,1,0,0,0,0
0,0,1,0,0,1,1
0,0,1,0,0,0,0
0,0,1,0,0,1,1
0,0,1,0,0,1,0
0,0,1,0,0,1,1
0,0,1,0,0,1,1
0,0,0,0,0,0,1
0,0,1,0,0,0,0
0,0,1,0,0,0,0
0,0,1,0,0,1,0
0,0,1,0,0,1,1
0,0,1,0,0,1,0
0,0,1,0,0,0,0
0,0,1,0,0,0,0
0,0,1,0,0,1,1
0,0,1,0,0,0,0
0,0,1,0,0,0,1
0,0,1,0,0,1,1
0,0,1,0,0,0,0
0,0,1,0,0,1,1
0,0,1,0,0,0,0
0,0,1,0,0,0,0
0,0,1,0,0,1,1
0,0,1,0,0,0,0
0,0,1,0,0,1,0
0,0,1,0,0,0,0
0,0,0,0,0,0,1
0,0,0,0,0,0,1
0,0,1,0,0,1,1
0,0,1,0,0,0,0
0,0,1,0,0,1,0
0,0,0,0,0,1,1
0,0,1,0,0,0,0
0,0,0,0,0,1,0
0,0,1,0,0,1,1
0,0,0,0,0,1,0
0,0,1,0,0,0,1
0,0,1,0,0,0,0
0,0,0,0,0,1,1
0,0,1,0,0,1,0
0,0,1,0,0,0,0
0,0,1,0,0,0,0
0,0,0,0,0,0,1
0,0,1,0,0,1,0
0,0,0,0,0,0,1
0,0,1,0,0,0,0
0,0,1,0,0,0,0
0,0,0,0,0,1,1
0,0,1,0,0,1,1
0,0,0,0,0,1,0
0,0,1,0,0,0,0
0,0,1,0,0,1,1
0,0,0,0,0,1,0
0,0,1,0,0,0,0
0,0,1,0,0,1,1
0,0,1,0,0,0,0
0,0,1,0,0,1,1
0,0,1,0,0,1,0
0,0,0,0,0,0,1
0,0,1,0,0,1,1
0,0,1,0,0,0,0
0,0,0,0,0,1,0
0,0,1,0,0,0,1
0,0,1,0,0,1,1
0,0,0,0,0,1,0
0,0,0,0,0,1,1
0,0,1,0,0,0,0
0,0,1,0,0,0,0
0,0,1,0,0,0,0
0,0,1,0,0,0,0
0,0,1,0,0,1,0
0,0,1,0,0,0,0
0,0,1,0,0,1,0
0,0,0,0,0,1,0
0,0,0,0,0,1,0
0,0,1,0,0,0,0
0,0,1,0,0,0,0
0,0,1,0,0,1,0
0,0,0,0,0,1,0
0,0,0,0,0,1,0
0,0,1,0,0,0,0
0,0,1,0,0,1,1
0,0,1,0,0,1,0
0,0,1,0,0,0,0
0,0,0,0,0,1,0
0,0,0,0,0,1,1
0,0,1,0,0,1,0
0,0,0,0,0,0,1
0,0,1,0,0,0,0
0,0,1,0,0,1,1
0,0,0,0,0,1,0
0,0,1,0,0,0,1
0,0,1,0,0,0,0
0,0,0,0,0,1,0
0,0,1,0,0,1,0
0,0,1,0,0,0,0
0,0,1,0,0,1,0
0,0,0,0,0,0,1
0,0,1,0,0,0,1
0,0,1,0,0,1,0
0,0,1,0,0,0,0
0,0,0,0,0,1,0
0,0,0,0,0,0,1
0,0,1,0,0,1,0
0,0,1,0,0,0,1
0,0,1,0,0,0,1
0,0,1,0,0,0,0
0,0,1,0,0,0,0
0,0,1,0,0,0,0
0,0,1,0,0,1,0
0,0,1,0,0,0,0
0,0,0,0,0,1,0
0,0,0,0,0,1,1
0,0,1,0,0,0,1
0,0,1,0,0,0,0
0,0,0,0,0,1,1
0,0,0,0,0,0,1
0,0,1,0,0,1,1
0,0,0,0,0,1,0
0,0,0,0,0,0,1
0,0,0,0,0,0,1
0,0,1,0,0,1,0
0,0,0,0,0,1,0
0,0,0,0,0,1,0
0,0,1,0,0,0,1
0,0,0,0,0,1,1
0,0,1,0,0,0,0
0,0,1,0,0,0,0
0,0,0,0,0,1,1
0,0,1,0,0,0,0
0,0,1,0,0,0,0
0,0,0,0,0,0,1
0,0,1,0,0,0,0
0,0,1,0,0,1,0
0,0,0,0,0,0,1
0,0,1,0,0,0,0
0,0,1,0,0,0,1
0,0,1,0,0,0,0
0,0,0,0,0,1,0
0,0,1,0,0,0,0
0,0,0,0,0,1,0
0,0,1,0,0,0,0
0,0,0,0,0,1,1
0,0,1,0,0,1,0
0,0,1,0,0,1,0
0,0,1,0,0,0,0
0,0,1,0,0,1,0
0,0,0,0,0,1,0
0,0,1,0,0,1,1
0,0,0,0,0,1,1
0,0,1,0,0,1,0
0,0,0,0,0,1,0
0,0,1,0,0,1,1
0,0,1,0,0,0,0
0,0,1,0,0,1,0
0,0,1,0,0,0,1
0,0,0,0,0,0,1
0,0,1,0,0,1,0
0,0,1,0,0,0,0
0,0,0,0,0,1,1
0,0,1,0,0,0,0
0,0,0,0,0,1,0
0,0,1,0,0,1,0
0,0,1,0,0,0,0
0,0,0,0,0,1,0
0,0,0,0,0,0,1
0,0,1,0,0,0,1
0,0,0,0,0,0,1
0,0,1,0,0,1,0
0,0,1,0,0,0,0
0,0,0,0,0,0,1
0,0,1,0,0,1,0
0,0,1,0,0,0,0
0,0,1,0,0,0,0
0,0,1,0,0,0,0
0,0,1,0,0,0,0
0,0,1,0,0,0,0
0,0,1,0,0,0,0
0,0,0,0,0,0,1
0,0,1,0,0,1,0
0,0,1,0,0,0,0
0,0,1,0,0,0,0
0,0,1,0,0,1,1
0,0,0,0,0,0,1
0,0,1,0,0,1,0
0,0,1,0,0,0,0
0,0,0,0,0,1,0
0,0,1,0,0,0,0
0,0,1,0,0,0,0
0,0,0,0,0,1,1
0,0,1,0,0,0,0
0,0,1,0,0,1,0
0,0,0,0,0,0,1
0,0,0,0,0,1,0
0,0,1,0,0,0,0
0,0,1,0,0,0,0
0,0,1,0,0,1,1
0,0,1,0,0,1,0
0,0,0,0,0,0,1
0,0,1,0,0,0,0
0,0,1,0,0,0,0
0,0,1,0,0,0,0
0,0,0,0,0,0,1
0,0,0,0,0,0,1
0,0,1,0,0,0,0
0,0,1,0,0,0,0
0,0,1,0,0,1,0
0,0,1,0,0,1,0
0,0,0,0,0,1,0
0,0,0,0,0,0,1
0,0,1,0,0,0,0
0,0,0,0,0,1,1
0,0,1,0,0,0,0
0,0,1,0,0,1,1
0,0,1,0,0,0,0
0,0,0,0,0,0,1
0,0,1,0,0,1,0
0,0,1,0,0,0,0
0,0,1,0,0,0,1
0,0,1,0,0,1,0
0,0,1,0,0,0,0
0,0,1,0,0,0,0
0,0,0,0,0,0,1
0,0,1,0,0,0,1
0,0,1,0,0,0,0
0,0,1,0,0,1,0
0,0,1,0,0,1,1
0,0,1,0,0,0,0
0,0,0,0,0,1,0
0,0,1,0,0,0,1
0,0,1,0,0,1,0
0,0,1,0,0,0,0
0,0,1,0,0,1,0
0,0,1,0,0,1,0
0,0,0,0,0,0,1
0,0,0,0,0,0,1
0,0,1,0,0,0,0
0,0,0,0,0,1,0
0,0,1,0,0,1,0
0,0,1,0,0,1,1
0,0,1,0,0,0,0
0,0,1,0,0,1,0
0,0,1,0,0,0,0
0,0,0,0,0,0,1
0,0,1,0,0,1,0
0,0,1,0,0,0,0
0,0,0,0,0,0,1
0,0,1,0,0,0,1
0,0,0,0,0,0,1
0,0,1,0,0,0,0
0,0,1,0,0,1,0
0,0,0,0,0,0,1
0,0,1,0,0,1,0
0,0,1,0,0,1,1
0,0,0,0,0,0,1
0,0,1,0,0,1,0
0,0,1,0,0,0,0
0,0,0,0,0,1,0
0,0,0,0,0,1,0
0,0,1,0,0,0,1
0,0,0,0,0,1,0
0,0,1,0,0,0,0
0,0,1,0,0,0,1
0,0,1,0,0,0,0
0,0,0,0,0,1,0
0,0,1,0,0,0,0
0,0,0,0,0,1,0
0,0,1,0,0,1,0
0,0,1,0,0,1,0
0,0,1,0,0,0,1
0,0,1,0,0,0,0
0,0,1,0,0,0,1
0,0,0,0,0,1,0
0,0,1,0,0,0,1
0,0,0,0,0,1,0
0,0,1,0,0,0,0
0,0,1,0,0,0,0
0,0,0,0,0,0,1
0,0,0,0,0,0,1
0,0,0,0,0,1,1
0,0,1,0,0,0,1
0,0,0,0,0,0,1
0,0,1,0,0,0,0
0,0,0,0,0,1,1
0,0,1,0,0,0,0
0,0,0,0,0,1,0
0,0,1,0,0,1,0
0,0,1,0,0,0,0
0,0,0,0,0,0,1
0,0,0,0,0,1,0
0,0,0,0,0,1,0
0,0,0,0,0,1,0
0,0,1,0,0,1,0
0,0,1,0,0,0,0
0,0,0,0,0,1,0
0,0,1,0,0,0,0
0,0,0,0,0,1,0
0,0,0,0,0,1,0
0,0,0,0,0,0,1
0,0,1,0,0,1,0
0,0,1,0,0,0,0
0,0,0,0,0,1,1
0,0,1,0,0,0,0
0,0,1,0,0,1,0
0,0,0,0,0,0,1
0,0,0,0,0,1,0
0,0,1,0,0,0,0
0,0,0,0,0,1,0
0,0,1,0,0,0,0
0,0,0,0,0,1,1
0,0,0,0,0,1,1
0,0,0,0,0,1,0
0,0,1,0,0,0,0
0,0,0,0,0,1,0
0,0,1,0,0,0,0
0,0,0,0,0,1,1
0,0,0,0,0,1,1
0,0,0,0,0,1,0
0,0,1,0,0,0,0
0,0,0,0,0,1,0
0,0,0,0,0,1,0
0,0,1,0,0,1,1
0,0,1,0,0,0,1
0,0,0,0,0,0,1
0,0,0,0,0,1,0
0,0,0,0,0,0,1
0,0,0,0,0,0,1
0,0,1,0,0,0,0
0,0,0,0,0,0,1
0,0,1,0,0,1,1
0,0,1,0,0,1,0
0,0,1,0,0,0,0
0,0,1,0,0,1,1
0,0,0,0,0,0,1
0,0,1,0,0,0,1
0,0,0,0,0,1,0
0,0,0,0,0,1,0
0,0,1,0,0,0,0
0,0,0,0,0,1,1
0,0,0,0,0,0,1
0,0,1,0,0,0,1
0,0,1,0,0,0,0
0,0,1,0,0,1,0
0,0,0,0,0,1,1
0,0,1,0,0,1,1
0,0,0,0,0,0,1
0,0,1,0,0,1,0
0,0,1,0,0,0,0
0,0,0,0,0,1,0
0,0,1,0,0,0,0
0,0,0,0,0,1,1
0,0,1,0,0,1,1
0,0,0,0,0,1,0
0,0,1,0,0,0,0
0,0,1,0,0,0,0
0,0,0,0,0,1,0
0,0,0,0,0,1,0
0,0,1,0,0,0,0
0,0,1,0,0,0,0
0,0,1,0,0,0,0
0,0,1,0,0,0,0
0,0,0,0,0,0,1
0,0,1,0,0,0,1
0,0,1,0,0,0,0
0,0,1,0,0,0,0
0,0,0,0,0,1,0
0,0,0,0,0,0,1
0,0,0,0,0,1,0
0,0,1,0,0,0,1
0,0,0,0,0,0,1
0,0,1,0,0,0,0
0,0,1,0,0,0,0
0,0,1,0,0,1,0
0,0,0,0,0,0,1
0,0,1,0,0,0,1
0,0,0,0,0,0,1
0,0,0,0,0,1,1
0,0,1,0,0,0,0
0,0,0,0,0,1,1
0,0,1,0,0,0,0
0,0,0,0,0,1,1
0,0,1,0,0,1,0
0,0,1,0,0,1,0
0,0,0,0,0,1,1
0,0,1,0,0,1,0
0,0,1,0,0,1,0
0,0,1,0,0,0,0
0,0,1,0,0,1,1
0,0,1,0,0,1,0
0,0,1,0,0,0,0
0,0,0,0,0,0,1
0,0,0,0,0,1,0
0,0,1,0,0,0,0
0,0,1,0,0,1,0
0,0,0,0,0,0,1
0,0,0,0,0,1,0
0,0,1,0,0,0,0
0,0,1,0,0,0,1
0,0,1,0,0,0,0
0,0,1,0,0,0,0
0,0,1,0,0,0,0
0,0,1,0,0,1,0
0,0,1,0,0,1,1
0,0,1,0,0,0,1
0,0,1,0,0,0,0
0,0,0,0,0,0,1
0,0,1,0,0,0,0
0,0,1,0,0,1,0
0,0,1,0,0,0,0
0,0,1,0,0,0,0
0,0,0,0,0,0,1
0,0,0,0,0,0,1
0,0,1,0,0,1,0
0,0,1,0,0,0,0
0,0,1,0,0,0,0
0,0,1,0,0,1,1
0,0,0,0,0,1,0
0,0,0,0,0,0,1
0,0,0,0,0,1,1
0,0,0,0,0,0,1
0,0,0,0,0,0,1
0,0,1,0,0,0,0
0,0,0,0,0,1,0
0,0,1,0,0,1,1
0,0,0,0,0,1,0
0,0,1,0,0,1,1
0,0,1,0,0,0,0
0,0,0,0,1,0,1
0,0,1,0,0,0,0
0,0,0,0,0,1,0
0,0,1,0,0,1,0
0,0,1,0,0,1,0
0,0,1,0,0,0,0
0,0,1,0,0,0,1
0,0,0,0,0,1,1
0,0,1,0,0,0,0
0,0,0,0,0,1,0
0,0,0,0,0,1,1
0,0,0,0,0,1,1
0,0,1,0,0,0,1
0,0,0,0,0,1,1
0,0,0,0,0,0,1
0,0,1,0,0,1,0
0,0,1,0,0,1,0
0,0,1,0,0,0,0
0,0,0,0,0,0,1
0,0,1,0,0,1,1
0,0,1,0,0,0,0
0,0,1,0,0,1,0
0,0,1,0,0,1,0
0,0,0,0,0,1,1
0,0,1,0,0,0,0
0,0,0,0,0,0,1
0,0,0,0,0,1,1
0,0,0,0,0,1,1
0,0,0,0,0,1,0
0,0,1,0,0,0,0
0,0,0,0,0,1,0
0,0,1,0,0,1,1
0,0,1,0,0,0,1
0,0,0,0,0,0,1
0,0,1,0,0,0,0
0,0,1,0,0,1,0
0,0,1,0,0,1,1
0,0,0,0,0,0,1
0,0,1,0,0,1,0
0,0,1,0,0,0,0
0,0,0,0,0,0,1
0,0,0,0,0,1,1
0,0,1,0,0,1,0
0,0,1,0,0,1,0
0,0,1,0,0,0,0
0,0,1,0,0,1,1
0,0,1,0,0,0,1
0,0,0,0,0,1,1
0,0,1,0,0,0,0
0,0,1,0,0,1,0
0,0,0,0,0,1,0
0,0,0,0,0,0,1
0,0,1,0,0,1,0
0,0,0,0,0,0,1
0,0,1,0,0,1,0
0,0,1,0,0,0,0
0,0,1,0,0,1,0
0,0,0,0,0,0,1
0,0,0,0,0,0,1
0,0,1,0,0,1,0
0,0,1,0,0,0,0
0,0,1,0,0,1,0
0,0,1,0,0,1,0
0,0,1,0,0,0,0
0,0,1,0,0,0,0
0,0,1,0,0,1,0
0,0,0,0,0,1,0
0,0,1,0,0,1,0
0,0,1,0,0,0,0
0,0,1,0,0,1,1
0,0,0,0,0,1,0
0,0,1,0,0,0,0
0,0,0,0,0,1,0
0,0,1,0,0,0,0
0,0,1,0,0,0,0
0,0,1,0,0,1,0
0,0,0,0,0,1,0
0,0,1,0,0,1,1
0,0,1,0,0,0,0
0,0,1,0,0,1,0
0,0,0,0,0,1,0
0,0,1,0,0,0,1
0,0,1,0,0,0,0
0,0,1,0,0,0,0
0,0,0,0,0,1,0
0,0,1,0,0,1,0
0,0,0,0,0,0,1
0,0,0,0,0,1,0
0,0,1,0,0,1,0
0,0,1,0,0,0,0
0,0,1,0,0,1,0
0,0,1,0,0,0,1
0,0,0,0,0,1,0
0,0,0,0,0,1,0
0,0,0,0,0,1,1
0,0,1,0,0,1,0
0,0,1,0,0,1,0
0,0,1,0,0,0,0
0,0,0,0,0,1,1
0,0,0,0,0,0,1
0,0,1,0,0,0,0
0,0,1,0,0,1,0
0,0,1,0,0,1,0
0,0,1,0,0,0,1
0,0,0,0,0,1,1
0,0,0,0,0,1,0
0,0,0,0,0,0,1
0,0,1,0,0,0,0
0,0,1,0,0,0,0
0,0,1,0,0,1,0
0,0,0,0,0,1,1
0,0,0,0,0,0,1
0,0,1,0,0,0,0
0,0,0,0,0,1,1
0,0,0,0,0,1,0
0,0,0,0,0,0,1
0,0,1,0,0,0,0
0,0,1,0,0,0,0
0,0,1,0,0,0,0
0,0,1,0,0,1,0
0,0,0,0,0,1,1
0,0,0,0,0,1,1
0,0,0,0,0,1,0
0,0,1,0,0,1,0
0,0,1,0,0,1,1
0,0,1,0,0,0,0
0,0,1,0,0,1,0
0,0,1,0,0,1,0
0,0,1,0,0,1,0
0,0,0,0,0,1,1
0,0,1,0,0,0,0
0,0,1,0,0,1,1
0,0,1,0,0,0,0
0,0,0,0,0,1,0
0,0,1,0,0,0,0
0,0,1,0,0,0,0
0,0,1,0,0,1,0
0,0,1,0,0,0,0
0,0,0,0,0,1,0
0,0,0,0,0,1,1
0,0,1,0,0,0,0
0,0,0,0,0,1,1
0,0,1,0,0,0,0
0,0,1,0,0,1,0
0,0,0,0,0,1,1
0,0,1,0,0,0,0
0,0,1,0,0,1,0
0,0,1,0,0,1,1
0,0,1,0,0,0,0
0,0,1,0,0,1,0
0,0,1,0,0,1,0
0,0,1,0,0,0,0
0,0,1,0,0,0,0
0,0,1,0,0,1,0
0,0,0,0,0,0,1
0,0,0,0,0,1,1
0,0,1,0,0,1,1
0,0,0,0,0,1,0
0,0,0,0,0,1,0
0,0,1,0,0,1,0
0,0,1,0,0,1,0
0,0,0,0,0,1,1
0,0,1,0,0,0,0
0,0,0,0,0,0,1
0,0,1,0,0,0,0
0,0,0,0,0,0,1
0,0,0,0,0,1,0
0,0,0,0,0,1,0
0,0,1,0,0,1,0
0,0,1,0,0,0,0
0,0,1,0,0,0,0
0,0,1,0,0,0,1
0,0,0,0,0,0,1
0,0,1,0,0,1,0
0,0,0,0,0,0,1
0,0,1,0,0,1,0
0,0,1,0,0,0,0
0,0,0,0,0,0,1
0,0,1,0,0,0,1
0,0,1,0,0,0,0
0,0,0,0,0,0,1
0,0,0,0,0,1,0
0,0,0,0,0,0,1
0,0,1,0,0,0,0
0,0,1,0,0,0,0
0,0,1,0,0,1,0
0,0,1,0,0,0,0
0,0,1,0,0,0,0
0,0,1,0,0,1,0
0,0,1,0,0,0,0
0,0,0,0,0,1,1
0,0,1,0,0,0,0
0,0,1,0,0,1,1
0,0,0,0,0,1,1
0,0,1,0,0,1,0
0,0,0,0,0,0,1
0,0,1,0,0,1,0
0,0,0,0,0,1,0
0,0,0,0,0,1,0
0,0,1,0,0,0,0
0,0,0,0,0,1,1
0,0,1,0,0,1,0
0,0,1,0,0,0,1
0,0,0,0,0,1,0
0,0,0,0,0,0,1
0,0,1,0,0,0,0
0,0,0,0,0,0,1
0,0,0,0,0,0,1
0,0,1,0,0,1,0
0,0,0,0,0,0,1
0,0,1,0,0,1,0
0,0,1,0,0,0,0
0,0,1,0,0,1,0
0,0,1,0,0,0,0
0,0,0,0,0,1,0
0,0,1,0,0,0,1
0,0,1,0,0,0,1
0,0,0,0,0,1,1
0,0,1,0,0,0,0
0,0,0,0,0,1,0
0,0,1,0,0,1,1
0,0,0,0,0,0,1
0,0,1,0,0,1,1
0,0,0,0,0,1,0
0,0,1,0,0,1,0
0,0,0,0,0,0,1
0,0,0,0,0,1,0
0,0,1,0,0,0,0
0,0,1,0,0,1,0
0,0,0,0,0,1,0
0,0,1,0,0,1,0
0,0,1,0,0,0,0
0,0,0,0,0,0,1
0,0,0,0,0,0,1
0,0,0,0,0,0,1
0,0,1,0,0,0,1
0,0,1,0,0,0,0
0,0,1,0,0,1,0
0,0,0,0,0,0,1
0,0,0,0,0,0,1
0,0,1,0,0,0,0
0,0,0,0,0,1,0
0,0,1,0,0,0,0
0,0,1,0,0,1,0
0,0,0,0,0,1,0
0,0,1,0,0,0,0
0,0,1,0,0,1,0
0,0,0,0,0,1,1
0,0,0,0,0,1,0
0,0,1,0,0,1,0
0,0,0,0,0,1,0
0,0,0,0,0,0,1
0,0,0,0,0,1,1
0,0,0,0,0,1,0
0,0,1,0,0,0,0
0,0,0,0,0,1,1
0,0,1,0,0,0,1
0,0,0,0,0,1,1
0,0,1,0,0,0,0
0,0,1,0,0,1,0
0,0,1,0,0,0,0
0,0,0,0,0,1,1
0,0,0,0,0,1,1
0,0,0,0,0,0,1
0,0,1,0,0,1,0
0,0,1,0,0,0,1
0,0,1,0,0,0,0
0,0,1,0,0,1,0
0,0,0,0,0,0,1
0,0,0,0,0,1,1
0,0,1,0,0,0,0
0,0,0,0,0,1,1
0,0,1,0,0,1,1
0,0,1,0,0,1,0
0,0,0,0,0,0,1
0,0,1,0,0,1,0
0,0,0,0,0,1,0
0,0,1,0,0,1,0
0,0,0,0,0,1,0
0,0,0,0,0,1,0
0,0,1,0,0,1,0
0,0,1,0,0,0,0
0,0,1,0,0,1,0
0,0,0,0,0,1,0
0,0,0,0,0,0,1
0,0,1,0,0,0,0
0,0,1,0,0,0,0
0,0,1,0,0,0,0
0,0,1,0,0,0,1
0,0,1,0,0,0,0
0,0,1,0,0,1,0
0,0,1,0,0,0,0
0,0,0,0,0,0,1
0,0,1,0,0,1,1
0,0,1,0,0,0,0
0,0,1,0,0,1,0
0,0,0,0,0,0,1
0,0,1,0,0,0,0
0,0,0,0,0,0,1
0,0,0,0,0,0,1
0,0,0,0,0,1,1
0,0,0,0,0,1,0
0,0,1,0,0,0,0
0,0,0,0,0,0,1
0,0,0,0,0,0,1
0,0,1,0,0,0,0
0,0,0,0,0,1,0
0,0,0,0,0,1,0
0,0,0,0,0,0,1
0,0,1,0,0,1,0
0,0,1,0,0,1,0
0,0,0,0,0,1,1
0,0,1,0,0,0,1
0,0,0,0,0,1,0
0,0,1,0,0,1,0
0,0,1,0,0,0,0
0,0,1,0,0,0,0
0,0,1,0,0,1,1
0,0,1,0,0,1,0
0,0,1,0,0,0,0
0,0,0,0,0,0,1
0,0,0,0,0,1,0
0,0,0,0,0,1,0
0,0,1,0,0,1,0
0,0,0,0,0,0,1
0,0,1,0,0,1,0
0,0,0,0,0,0,1
0,0,0,0,0,1,0
0,0,1,0,0,1,0
0,0,0,0,0,1,0
0,0,0,0,0,0,1
0,0,1,0,0,0,1
0,0,1,0,0,1,0
0,0,0,0,0,0,1
0,0,1,0,0,1,0
0,0,1,0,0,0,0
0,0,1,0,0,0,0
0,0,1,0,0,0,1
0,0,1,0,0,0,1
0,0,0,0,0,1,0
0,0,1,0,0,1,1
0,0,1,0,0,1,0
0,0,1,0,0,0,0
0,0,1,0,0,0,0
0,0,1,0,0,1,1
0,0,0,0,0,1,0
0,0,1,0,0,1,0
0,0,1,0,0,0,1
0,0,1,0,0,1,1
0,0,1,0,0,1,1
0,0,1,0,0,0,0
0,0,0,0,0,1,0
0,0,1,0,0,0,1
0,0,1,0,0,0,0
0,0,1,0,0,1,1
0,0,0,0,0,1,1
0,0,0,0,0,1,0
0,0,1,0,0,1,0
0,0,1,0,0,1,1
0,0,1,0,0,0,0
0,0,0,0,0,0,1
0,0,1,0,0,0,1
0,0,0,0,0,1,1
0,0,0,0,0,0,1
0,0,1,0,0,1,1
0,0,0,0,0,1,0
0,0,1,0,0,1,0
0,0,1,0,0,0,0
0,0,0,0,0,1,1
0,0,0,0,0,1,0
0,0,1,0,0,0,1
0,0,0,0,0,0,1
0,0,1,0,0,0,0
0,0,1,0,0,0,0
0,0,1,0,0,1,0
0,0,0,0,0,0,1
0,0,0,0,0,0,1
0,0,0,0,0,1,0
0,0,1,0,0,1,1
0,0,1,0,0,0,0
0,0,0,0,0,0,1
0,0,1,0,0,1,1
0,0,1,0,0,0,0
0,0,0,0,0,1,1
0,0,1,0,0,0,1
0,0,0,0,0,1,1
0,0,1,0,0,1,0
0,0,1,0,0,1,0
0,0,0,0,0,0,1
0,0,1,0,0,0,0
0,0,1,0,0,1,0
0,0,1,0,0,1,0
0,0,0,0,0,1,0
0,0,1,0,0,1,0
0,0,1,0,0,0,0
0,0,1,0,0,1,1
0,0,1,0,0,0,0
0,0,1,0,0,0,0
0,0,0,0,0,1,1
0,0,0,0,0,0,1
0,0,1,0,0,1,0
0,0,1,0,0,0,0
0,0,0,0,0,0,1
0,0,1,0,0,0,0
0,0,0,0,0,1,0
0,0,1,0,0,0,0
0,0,1,0,0,0,0
0,0,1,0,0,1,1
0,0,1,0,0,1,0
0,0,1,0,0,0,0
0,0,1,0,0,0,1
0,0,0,0,0,1,0
0,0,0,0,0,0,1
0,0,1,0,0,0,0
0,0,1,0,0,0,0
0,0,0,0,0,1,0
0,0,0,0,0,1,0
0,0,1,0,0,0,0
0,0,0,0,0,0,1
0,0,0,0,0,1,1
0,0,1,0,0,0,0
0,0,1,0,0,0,0
0,0,1,0,0,0,1
0,0,1,0,0,0,0
0,0,1,0,0,1,0
0,0,1,0,0,0,0
0,0,0,0,0,1,1
0,0,0,0,0,1,1
0,0,0,0,0,1,0
0,0,0,0,0,1,0
0,0,1,0,0,1,1
0,0,1,0,0,0,0
0,0,1,0,0,0,0
0,0,0,0,0,1,0
0,0,0,0,0,0,1
0,0,1,0,0,0,0
0,0,0,0,0,0,1
0,0,1,0,0,1,0
0,0,1,0,0,0,1
0,0,0,0,0,0,1
0,0,1,0,0,1,0
0,0,0,0,0,0,1
0,0,1,0,0,0,0
0,0,0,0,0,1,0
0,0,1,0,0,0,0
0,0,1,0,0,0,0
0,0,1,0,0,0,0
0,0,1,0,0,1,1
0,0,0,0,0,0,1
0,0,1,0,0,0,0
0,0,1,0,0,0,0
0,0,1,0,0,1,0
0,0,0,0,0,0,1
0,0,1,0,0,0,0
0,0,1,0,0,1,0
0,0,1,0,0,0,0
0,0,1,0,0,0,0
0,0,1,0,0,0,0
0,0,0,0,0,0,1
0,0,0,0,0,0,1
0,0,0,0,0,0,1
0,0,1,0,0,1,0
0,0,1,0,0,1,0
0,0,0,0,0,1,1
0,0,1,0,0,1,1
0,0,0,0,0,0,1
0,0,1,0,0,0,0
0,0,1,0,0,1,1
0,0,0,0,0,0,1
0,0,0,0,0,0,1
0,0,1,0,0,0,0
0,0,1,0,0,1,0
0,0,1,0,0,0,0
0,0,0,0,0,0,1
0,0,0,0,0,1,0
0,0,0,0,0,1,1
0,0,1,0,0,0,0
0,0,1,0,0,1,0
0,0,1,0,0,0,0
0,0,0,0,0,1,0
0,0,1,0,0,0,0
0,0,1,0,0,0,0
0,0,1,0,0,1,0
0,0,1,0,0,0,0
0,0,0,0,0,0,1
0,0,0,0,0,0,1
0,0,0,0,0,1,1
0,0,0,0,0,0,1
0,0,0,0,0,1,0
0,0,1,0,0,0,0
0,0,1,0,0,1,0
0,0,0,0,0,1,0
0,0,1,0,0,1,1
0,0,0,0,0,0,1
0,0,1,0,0,0,0
0,0,0,0,0,1,0
0,0,0,0,0,0,1
0,0,0,0,0,0,1
0,0,0,0,0,0,1
0,0,0,0,0,0,1
0,0,0,0,0,1,1
0,0,0,0,0,1,0
0,0,0,0,0,1,1
0,0,1,0,0,0,0
0,0,1,0,0,1,1
0,0,0,0,0,0,1
0,0,1,0,0,0,0
0,0,1,0,0,1,0
0,0,1,0,0,0,0
0,0,0,0,0,0,1
0,0,0,0,0,0,1
0,0,1,0,0,1,0
0,0,0,0,0,0,1
0,0,1,0,0,0,0
0,0,0,0,0,0,1
0,0,0,0,0,1,0
0,0,1,0,0,0,0
0,0,0,0,0,1,1
0,0,0,0,0,1,0
0,0,0,0,0,1,0
0,0,1,0,0,0,0
0,0,1,0,0,1,0
0,0,1,0,0,1,0
0,0,1,0,0,1,0
0,0,0,0,0,0,1
0,0,1,0,0,0,0
0,0,0,0,0,0,1
0,0,1,0,0,1,0
0,0,0,0,0,1,0
0,0,0,0,0,0,1
0,0,0,0,0,1,0
0,0,0,0,0,1,0
0,0,1,0,0,0,0
0,0,1,0,0,1,0
0,0,0,0,0,0,1
0,0,1,0,0,0,0
0,0,1,0,0,1,0
0,0,1,0,0,0,0
0,0,1,0,0,1,1
0,0,0,0,0,1,0
0,0,0,0,0,1,0
0,0,0,0,0,1,1
0,0,0,0,0,1,1
0,0,0,0,0,1,0
0,0,1,0,0,1,1
0,0,1,0,0,1,0
0,0,1,0,0,1,1
0,0,0,0,0,1,0
0,0,1,0,0,1,1
0,0,1,0,0,1,1
0,0,1,0,0,0,0
0,0,1,0,0,1,0
0,0,1,0,0,1,0
0,0,0,0,0,1,0
0,0,1,0,0,1,0
0,0,0,0,0,1,0
0,0,0,0,0,0,1
0,0,0,0,0,0,1
0,0,0,0,0,0,1
0,0,1,0,0,1,0
0,0,0,0,0,1,0
0,0,1,0,0,1,0
0,0,1,0,0,1,1
0,0,1,0,0,0,0
0,0,1,0,1,1,1
0,0,1,0,0,1,0
0,0,1,0,0,0,0
0,0,1,0,0,0,0
0,0,1,0,0,1,0
0,0,1,0,0,1,0
0,0,1,0,0,1,0
0,0,0,0,0,0,1
0,0,1,0,0,1,0
0,0,1,0,0,1,1
0,0,1,0,0,0,0
0,0,0,0,0,0,1
0,0,0,0,0,1,1
0,0,1,0,0,0,0
0,0,1,0,0,1,1
0,0,0,0,0,1,1
0,0,0,0,0,1,0
0,0,1,0,0,0,0
0,0,1,0,0,0,0
0,0,0,0,0,1,0
0,0,1,0,0,1,0
0,0,0,0,0,0,1
0,0,1,0,0,0,0
0,0,0,0,0,0,1
0,0,1,0,0,1,1
0,0,1,0,0,0,0
0,0,0,0,0,1,0
0,0,1,0,0,1,0
0,0,0,0,0,0,1
0,0,1,0,0,0,0
0,0,1,0,0,1,0
0,0,1,0,0,0,0
0,0,1,0,0,1,1
0,0,0,0,0,0,1
0,0,1,0,0,1,0
0,0,0,0,0,1,1
0,0,0,0,0,1,0
0,0,1,0,0,1,1
0,0,0,0,0,1,0
0,0,1,0,0,1,1
0,0,0,0,0,1,1
0,0,1,0,0,1,0
0,0,1,0,0,0,1
0,0,1,0,0,0,0
0,0,0,0,0,1,0
0,0,1,0,0,1,0
0,0,0,0,0,0,1
0,0,1,0,0,0,0
0,0,1,0,0,0,0
0,0,1,0,0,1,1
0,0,1,0,0,1,1
0,0,1,0,0,0,0
0,0,1,0,0,0,0
0,0,1,0,0,1,0
0,0,1,0,0,0,0
0,0,1,0,0,0,0
0,0,1,0,0,1,0
0,0,1,0,0,0,0
0,0,0,0,0,1,0
0,0,1,0,0,1,0
0,0,1,0,0,1,0
0,0,1,0,0,0,0
0,0,1,0,0,0,0
0,0,1,0,0,1,1
0,0,0,0,0,0,1
0,0,1,0,0,1,0
0,0,1,0,0,0,0
0,0,0,0,0,1,0
0,0,1,0,0,0,0
0,0,1,0,0,1,0
0,0,0,0,0,1,0
0,0,1,0,0,1,0
0,0,0,0,0,1,1
0,0,0,0,0,0,1
0,0,0,0,0,1,0
0,0,1,0,0,0,0
0,0,0,0,0,1,0
0,0,1,0,0,0,0
0,0,0,0,0,1,0
0,0,1,0,0,0,0
0,0,1,0,0,0,0
0,0,0,0,0,0,1
0,0,1,0,0,1,1
0,0,1,0,0,1,0
0,0,0,0,0,0,1
0,0,0,0,0,1,1
0,0,0,0,0,1,0
0,0,1,0,0,1,1
0,0,0,0,0,1,1
0,0,1,0,0,1,0
0,0,1,0,0,0,0
0,0,1,0,0,0,1
0,0,0,0,0,1,1
0,0,1,0,0,1,1
0,0,1,0,0,0,0
0,0,1,0,0,0,1
0,0,0,0,0,1,0
0,0,0,0,0,1,0
0,0,0,0,0,1,0
0,0,0,0,0,1,0
0,0,1,0,0,1,0
0,0,1,0,0,0,1
0,0,1,0,0,0,0
0,0,1,0,0,0,0
0,0,0,0,0,0,1
0,0,1,0,0,1,0
0,0,0,0,0,1,0
0,0,0,0,0,0,1
0,0,1,0,0,0,0
0,0,0,0,0,1,1
0,0,1,0,0,0,0
0,0,0,0,0,0,1
0,0,0,0,0,0,1
0,0,0,0,0,1,0
0,0,1,0,0,0,0
0,0,0,0,0,0,1
0,0,0,0,0,1,0
0,0,1,0,0,0,0
0,0,1,0,0,1,0
0,0,1,0,0,1,0
0,0,1,0,0,0,0
0,0,0,0,0,1,1
0,0,0,0,0,1,0
0,0,0,0,0,1,0
0,0,1,0,0,1,0
0,0,1,0,0,1,0
0,0,1,0,0,0,0
0,0,0,0,0,1,0
0,0,1,0,0,1,0
0,0,0,0,0,0,1
0,0,0,0,0,0,1
0,0,0,0,0,1,0
0,0,0,0,0,0,1
0,0,1,0,0,0,0
0,0,1,0,0,0,0
0,0,0,0,0,0,1
0,0,0,0,0,0,1
0,0,0,0,0,1,0
0,0,1,0,0,0,0
0,0,0,0,0,0,1
0,0,1,0,0,0,0
0,0,1,0,0,1,0
0,0,0,0,0,1,0
0,0,1,0,0,1,0
0,0,1,0,0,0,0
0,0,1,0,0,1,0
0,0,1,0,0,0,0
0,0,0,0,0,0,1
0,0,0,0,0,1,0
0,0,0,0,0,1,0
0,0,0,0,0,1,0
0,0,1,0,0,0,0
0,0,1,0,0,1,0
0,0,0,0,0,1,0
0,0,1,0,0,1,1
0,0,1,0,0,1,1
0,0,0,0,0,0,1
0,0,1,0,0,0,0
0,0,0,0,0,1,0
0,0,1,0,0,1,1
0,0,1,0,0,0,0
0,0,1,0,0,0,0
0,0,0,0,0,0,1
0,0,0,0,0,0,1
0,0,1,0,0,0,0
0,0,1,0,0,1,0
0,0,1,0,0,1,0
0,0,0,0,0,1,1
0,0,0,0,0,0,1
0,0,1,0,0,1,0
0,0,1,0,0,0,1
0,0,1,0,0,0,1
0,0,0,0,0,1,0
0,0,1,0,0,1,0
0,0,1,0,0,0,0
0,0,1,0,0,1,0
0,0,1,0,0,0,0
0,0,0,0,0,0,1
0,0,1,0,0,0,0
0,0,1,0,0,0,0
0,0,0,0,0,1,0
0,0,0,0,0,1,0
0,0,0,0,0,1,0
0,0,1,0,0,1,0
0,0,0,0,0,1,0
0,0,1,0,0,0,0
0,0,1,0,0,1,1
0,0,1,0,0,0,0
0,0,0,0,0,1,1
0,0,0,0,0,1,1
0,0,1,0,0,1,1
0,0,1,0,0,1,0
0,0,0,0,0,1,1
0,0,0,0,0,0,1
0,0,0,0,0,1,0
0,0,0,0,0,1,0
0,0,1,0,0,1,1
0,0,1,0,0,1,0
0,0,1,0,0,0,0
0,0,0,0,0,0,1
0,0,1,0,0,1,0
0,0,1,0,0,1,0
0,0,1,0,0,1,1
0,0,1,0,0,0,0
0,0,0,0,0,1,0
0,0,0,0,0,0,1
0,0,1,0,0,0,0
0,0,0,0,0,1,0
0,0,1,0,0,0,0
0,0,0,0,0,1,0
0,0,0,0,0,1,1
0,0,1,0,0,1,0
0,0,0,0,0,1,0
0,0,0,0,0,0,1
0,0,0,0,0,0,1
0,0,0,0,0,1,0
0,0,0,0,0,1,0
0,0,1,0,0,0,0
0,0,0,0,0,1,0
0,0,1,0,0,0,0
0,0,1,0,0,1,0
0,0,1,0,0,0,0
0,0,1,0,0,0,0
0,0,1,0,0,1,0
0,0,1,0,0,0,0
0,0,1,0,0,1,0
0,0,1,0,0,0,0
0,0,0,0,0,1,0
1,0,0,0,0,1,1
0,0,0,0,0,1,0
0,0,0,0,0,0,1
0,0,1,0,0,0,0
0,0,0,0,0,0,1
0,0,1,0,0,1,1
0,0,0,0,0,0,1
0,0,1,0,0,1,0
0,0,0,0,0,1,0
0,0,0,0,0,0,1
0,0,1,0,0,0,0
0,0,1,0,0,0,0
0,0,1,0,0,0,0
0,0,1,0,0,1,0
0,0,0,0,0,0,1
0,0,1,0,0,0,0
0,0,0,0,0,1,1
0,0,0,0,0,0,1
0,0,0,0,0,1,1
0,0,0,0,0,0,1
0,0,0,0,0,0,1
0,0,1,0,0,0,0
0,0,0,0,0,0,1
0,0,0,0,0,0,1
0,0,1,0,0,1,0
0,0,1,0,0,0,0
0,0,0,0,0,0,1
0,0,1,0,0,1,1
0,0,0,0,0,1,0
0,0,1,0,0,0,0
0,0,0,0,0,1,0
0,0,1,0,0,0,0
0,0,0,0,0,1,0
0,0,1,0,0,1,1
0,0,0,0,0,0,1
0,0,1,0,0,0,0
0,0,0,0,0,0,1
0,0,0,0,0,0,1
0,0,1,0,0,1,0
0,0,0,0,0,1,0
0,0,1,0,0,1,0
0,0,0,0,0,0,1
0,0,0,0,0,1,0
0,0,1,0,0,1,0
0,0,1,0,0,0,1
0,0,1,0,0,1,1
0,0,1,0,0,0,0
0,0,0,0,0,1,0
0,0,0,0,0,0,1
0,0,1,0,0,1,0
0,0,1,0,0,1,1
0,0,0,0,0,1,0
0,0,1,0,0,0,0
0,0,1,0,0,0,0
0,0,0,0,0,0,1
0,0,0,0,0,1,0
0,0,1,0,0,0,0
0,0,0,0,0,0,1
0,0,0,0,0,1,1
0,0,1,0,0,0,0
0,0,1,0,0,0,0
0,0,1,0,0,0,0
0,0,1,0,0,1,0
0,0,1,0,0,1,0
0,0,0,0,0,1,0
0,0,0,0,0,0,1
0,0,0,0,0,1,0
0,0,1,0,0,0,0
0,0,1,0,0,1,1
0,0,0,0,0,0,1
0,0,0,0,0,1,0
0,0,1,0,0,1,0
0,0,1,0,0,1,0
0,0,0,0,0,0,1
0,0,1,0,0,1,0
0,0,1,0,0,0,0
0,0,1,0,0,1,0
0,0,0,0,0,1,0
0,0,1,0,0,1,0
0,0,0,0,0,0,1
0,0,1,0,0,0,0
0,0,0,0,0,1,0
0,0,1,0,0,1,0
0,0,1,0,0,1,0
0,0,0,0,0,1,1
0,0,1,0,0,1,0
0,0,1,0,0,1,0
0,0,1,0,0,0,1
0,0,0,0,0,1,0
0,0,1,0,0,0,0
0,0,1,0,0,0,0
0,0,1,0,0,1,1
0,0,0,0,0,1,0
0,0,1,0,0,1,0
0,0,1,0,0,1,0
0,0,0,0,0,0,1
0,0,0,0,0,1,0
0,0,0,0,0,0,1
0,0,0,0,0,1,1
0,0,0,0,0,0,1
0,0,1,0,0,0,0
0,0,1,0,0,0,0
0,0,1,0,0,0,0
0,0,1,0,0,0,0
0,0,1,0,0,1,0
0,0,1,0,0,0,0
0,0,0,0,0,0,1
0,0,0,0,0,1,0
0,0,1,0,0,1,0
0,0,1,0,0,0,0
0,0,1,0,0,1,0
0,0,0,0,0,1,0
0,0,0,0,0,1,0
0,0,0,0,0,1,1
0,0,0,0,0,1,0
0,0,1,0,0,0,0
0,0,1,0,0,0,0
0,0,1,0,0,0,0
0,0,1,0,0,1,0
0,0,0,0,0,0,1
0,0,0,0,0,1,0
0,0,1,0,0,0,0
0,0,0,0,0,0,1
0,0,1,0,0,0,0
0,0,0,0,0,1,0
0,0,1,0,0,1,0
0,0,0,0,0,0,1
0,0,0,0,0,1,0
0,0,0,0,0,1,0
0,0,1,0,0,0,1
0,0,0,0,0,0,1
0,0,0,0,0,0,1
0,0,0,0,0,1,0
0,0,0,0,0,1,0
0,0,0,0,0,1,0
0,0,0,0,0,0,1
0,0,1,0,0,1,0
0,0,1,0,0,1,0
0,0,1,0,0,1,1
0,0,1,0,0,0,0
0,0,1,0,0,0,0
0,0,0,0,0,1,0
0,0,1,0,0,0,0
0,0,1,0,0,0,0
0,0,0,0,0,1,1
0,0,0,0,0,1,0
0,0,1,0,0,1,1
0,0,1,0,0,1,0
0,0,1,0,0,0,1
0,0,1,0,0,0,0
0,0,0,0,0,1,0
0,0,1,0,0,0,0
0,0,1,0,0,1,0
0,0,1,0,0,0,0
0,0,0,0,0,1,1
0,0,1,0,0,0,0
0,0,1,0,0,0,0
0,0,0,0,0,1,0
0,0,0,0,0,0,1
0,0,0,0,0,0,1
0,0,1,0,0,0,0
0,0,1,0,0,1,1
0,0,0,0,0,1,0
0,0,1,0,0,1,0
0,0,0,0,0,0,1
0,0,1,0,0,1,0
0,0,1,0,0,0,0
0,0,1,0,0,0,0
0,0,1,0,0,0,0
0,0,0,0,0,1,0
0,0,1,0,0,0,0
0,0,1,0,0,0,0
0,0,1,0,0,1,0
0,0,1,0,0,0,0
0,0,0,0,0,0,1
0,0,1,0,0,0,0
0,0,1,0,0,1,0
0,0,1,0,0,0,0
0,0,1,0,0,0,0
0,0,0,0,0,0,1
0,0,1,0,0,1,0
0,0,1,0,0,0,0
0,0,0,0,0,1,0
0,0,1,0,0,1,0
0,0,1,0,0,1,0
0,0,1,0,0,0,0
0,0,1,0,0,0,0
0,0,0,0,0,0,1
0,0,0,0,0,0,1
0,0,0,0,0,0,1
0,0,0,0,0,1,0
0,0,1,0,0,1,0
0,0,0,0,0,0,1
0,0,1,0,0,0,0
0,0,1,0,0,1,1
0,0,0,0,0,0,1
0,0,1,0,0,0,0
0,0,1,0,0,0,0
0,0,1,0,0,1,0
0,0,0,0,0,0,1
0,0,0,0,0,0,1
0,0,1,0,0,1,0
0,0,1,0,0,0,0
0,0,1,0,0,0,0
0,0,0,0,0,0,1
0,0,0,0,0,1,0
0,0,0,0,0,1,1
0,0,1,0,0,0,0
0,0,0,0,0,1,1
0,0,1,0,0,0,0
0,0,1,0,0,1,0
0,0,1,0,0,1,0
0,0,1,0,0,0,0
0,0,1,0,0,0,0
0,0,1,0,0,1,0
0,0,1,0,0,1,0
0,0,1,0,0,1,0
0,0,1,0,0,0,1
0,0,1,0,0,0,0
0,0,1,0,0,0,0
0,0,1,0,0,1,0
0,0,1,0,0,0,0
0,0,1,0,0,1,1
0,0,1,0,0,0,0
0,0,0,0,0,1,0
0,0,1,0,0,1,0
0,0,0,0,0,1,1
0,0,1,0,0,0,0
0,0,1,0,0,0,1
0,0,1,0,0,0,0
0,0,0,0,0,0,1
0,0,1,0,0,0,0
0,0,1,0,0,1,1
0,0,0,0,0,1,0
0,0,0,0,0,1,1
0,0,0,0,0,1,0
0,0,1,0,0,1,0
0,0,0,0,0,0,1
0,0,0,0,0,0,1
0,0,1,0,0,1,0
0,0,0,0,0,0,1
0,0,1,0,0,0,0
0,0,0,0,0,1,1
0,0,1,0,0,0,0
0,0,1,0,0,0,0
0,0,1,0,0,0,0
0,0,1,0,0,1,0
0,0,0,0,0,1,1
0,0,0,0,0,1,0
0,0,1,0,0,0,0
0,0,1,0,0,0,0
0,0,1,0,0,1,0
0,0,1,0,0,1,0
0,0,1,0,0,1,0
0,0,0,0,0,1,0
0,0,1,0,0,0,0
0,0,0,0,0,0,1
0,0,0,0,0,0,1
0,0,0,0,0,1,0
0,0,0,0,0,0,1
0,0,1,0,0,0,1
0,0,1,0,0,0,0
0,0,1,0,0,0,1
0,0,1,0,0,1,0
0,0,1,0,0,1,0
0,0,0,0,0,0,1
0,0,1,0,0,0,0
0,0,0,0,0,1,1
0,0,1,0,0,1,0
0,0,1,0,0,1,0
0,0,1,0,0,0,0
0,0,1,0,0,1,0
0,0,1,0,0,0,0
0,0,1,0,0,0,0
0,0,0,0,0,0,1
0,0,1,0,0,0,0
0,0,1,0,0,0,0
0,0,1,0,0,1,0
0,0,1,0,0,0,0
0,0,1,0,0,0,0
0,0,0,0,0,0,1
0,0,0,0,0,1,0
0,0,1,0,0,0,0
0,0,0,0,0,1,0
0,0,1,0,0,1,0
0,0,0,0,0,1,0
0,0,1,0,0,0,0
0,0,1,0,0,1,1
0,0,0,0,0,0,1
0,0,0,0,0,0,1
0,0,0,0,0,1,1
0,0,1,0,0,0,1
0,0,0,0,0,0,1
0,0,0,0,0,1,1
0,0,1,0,0,0,0
0,0,1,0,0,1,0
0,0,1,0,0,1,0
0,0,0,0,0,0,1
0,0,0,0,0,0,1
0,0,1,0,0,1,0
0,0,1,0,0,0,0
0,0,1,0,0,0,0
0,0,0,0,0,0,1
0,0,1,0,0,1,1
0,0,1,0,0,1,0
0,0,1,0,0,1,0
0,0,0,0,0,1,1
0,0,0,0,0,1,0
0,0,0,0,0,1,0
0,0,1,0,0,0,0
0,0,1,0,0,0,0
0,0,0,0,0,1,0
0,0,1,0,0,0,0
0,0,1,0,0,0,0
0,0,1,0,0,0,0
0,0,1,0,0,1,0
0,0,0,0,0,1,1
0,0,1,0,0,1,0
0,0,1,0,0,1,0
0,0,1,0,0,0,0
0,0,1,0,0,0,0
0,0,0,0,0,0,1
0,0,0,0,0,0,1
0,0,1,0,0,0,0
0,0,1,0,0,0,0
0,0,1,0,0,0,0
0,0,1,0,0,0,0
0,0,1,0,0,1,0
0,0,1,0,0,1,1
0,0,1,0,0,0,0
0,0,1,0,0,0,0
0,0,1,0,0,0,1
0,0,1,0,0,1,0
0,0,0,0,0,1,0
0,0,1,0,0,1,1
0,0,0,0,0,1,1
0,0,1,0,0,0,0
0,0,0,0,0,1,0
0,0,1,0,0,0,0
0,0,1,0,0,0,0
0,0,0,0,0,1,0
0,0,0,0,0,0,1
0,0,0,0,0,1,1
0,0,1,0,0,0,1
0,0,0,0,0,0,1
0,0,0,0,0,1,0
0,0,1,0,0,0,0
0,0,0,0,0,1,0
0,0,1,0,0,1,0
0,0,1,0,0,1,0
0,0,1,0,0,1,1
0,0,0,0,0,1,0
0,0,1,0,0,0,1
0,0,1,0,0,1,0
0,0,1,0,0,0,1
0,0,1,0,0,1,0
0,0,1,0,0,0,0
0,0,1,0,0,0,0
0,0,0,0,0,1,0
0,0,0,0,0,0,1
0,0,1,0,0,1,0
0,0,1,0,0,1,0
0,0,0,0,0,1,1
0,0,0,0,0,1,1
0,0,0,0,0,1,0
0,0,1,0,0,0,1
0,0,1,0,0,1,0
0,0,0,0,0,0,1
0,0,1,0,0,0,0
0,0,1,0,0,0,0
0,0,1,0,0,0,0
0,0,1,0,0,0,0
0,0,1,0,0,0,0
0,0,1,0,0,0,0
0,0,1,0,0,0,1
0,0,1,0,0,1,1
0,0,1,0,0,0,0
0,0,1,0,0,0,0
0,0,0,0,0,0,1
0,0,1,0,0,1,0
0,0,0,0,0,1,1
0,0,1,0,0,1,1
0,0,1,0,0,1,0
0,0,0,0,0,1,1
0,0,1,0,0,1,0
0,0,1,0,0,1,1
0,0,0,0,0,1,0
0,0,1,0,0,0,0
0,0,1,0,0,1,0
0,0,1,0,0,1,0
0,0,1,0,0,0,0
0,0,1,0,0,0,0
0,0,1,0,0,0,0
0,0,1,0,0,1,1
0,0,1,0,0,1,0
0,0,0,0,0,1,1
0,0,0,0,0,0,1
0,0,1,0,0,1,1
0,0,1,0,0,1,0
0,0,1,0,0,0,0
0,0,1,0,0,1,1
0,0,1,0,0,0,0
0,0,0,0,0,1,1
0,0,1,0,0,0,1
0,0,0,0,0,0,1
0,0,0,0,0,0,1
0,0,1,0,0,0,0
0,0,0,0,0,1,0
0,0,1,0,0,0,0
0,0,0,0,0,1,1
0,0,1,0,0,0,0
0,0,0,0,0,1,0
0,0,0,0,0,1,0
0,0,0,0,0,1,0
0,0,0,0,0,1,0
0,0,1,0,0,0,0
0,0,1,0,0,0,0
0,0,1,0,0,0,0
0,0,0,0,0,0,1
0,0,1,0,0,0,0
0,0,0,0,0,0,1
0,0,1,0,0,0,0
0,0,0,0,0,1,1
0,0,0,0,0,0,1
0,0,0,0,0,1,0
0,0,0,0,0,0,1
0,0,1,0,0,1,0
0,0,1,0,0,0,0
0,0,1,0,0,0,0
0,0,1,0,0,0,0
0,0,1,0,0,1,0
0,0,1,0,0,1,0
0,0,1,0,0,0,0
0,0,1,0,0,1,0
0,0,1,0,0,0,0
0,0,1,0,0,1,0
0,0,0,0,0,1,0
0,0,1,0,0,0,0
0,0,1,0,0,0,0
0,0,0,0,0,1,0
0,0,0,0,0,0,1
0,0,1,0,0,0,1
0,0,1,0,0,0,1
0,0,0,0,0,0,1
0,0,1,0,0,0,0
0,0,0,0,0,1,0
0,0,1,0,0,1,0
0,0,1,0,0,0,0
0,0,0,0,0,0,1
0,0,1,0,0,0,0
0,0,1,0,0,1,1
0,0,1,0,0,1,0
0,0,1,0,0,0,0
0,0,0,0,0,0,1
0,0,1,0,0,0,0
0,0,1,0,0,0,1
0,0,0,0,0,1,1
0,0,0,0,0,0,1
0,0,0,0,0,1,0
0,0,1,0,0,1,0
0,0,0,0,0,0,1
0,0,0,0,0,1,0
0,0,1,0,0,0,1
0,0,1,0,0,0,0
0,0,0,0,0,0,1
0,0,0,0,0,0,1
0,0,1,0,0,1,0
0,0,1,0,0,0,0
0,0,1,0,0,1,0
0,0,1,0,0,0,0
0,0,0,0,0,0,1
0,0,1,0,0,1,0
0,0,1,0,0,1,1
0,0,0,0,0,0,1
0,0,1,0,0,1,0
0,0,1,0,0,1,0
0,0,1,0,0,1,0
0,0,0,0,0,0,1
0,0,1,0,0,0,0
0,0,1,0,0,0,0
0,0,1,0,0,1,1
0,0,1,0,0,0,1
0,0,0,0,0,0,1
0,0,1,0,0,0,0
0,0,1,0,0,1,0
0,0,1,0,0,1,1
0,0,0,0,0,0,1
0,0,1,0,0,1,0
0,0,1,0,0,1,0
0,0,0,0,0,0,1
0,0,0,0,0,0,1
0,0,1,0,0,0,0
0,0,0,0,0,1,0
0,0,0,0,0,0,1
0,0,1,0,0,1,0
0,0,0,0,0,1,0
0,0,0,0,0,1,0
0,0,0,0,0,1,0
0,0,1,0,0,0,0
0,0,1,0,0,0,0
0,0,1,0,0,0,0
0,0,1,0,0,0,0
0,0,0,0,0,0,1
0,0,0,0,0,1,0
0,0,1,0,0,1,0
0,0,1,0,0,0,0
0,0,0,0,0,1,0
0,0,1,0,0,1,0
0,0,1,0,0,1,0
0,0,1,0,0,1,1
0,0,0,0,0,0,1
0,0,0,0,0,0,1
0,0,1,0,0,0,0
0,0,1,0,0,0,0
0,0,1,0,0,1,0
0,0,1,0,0,0,0
0,0,1,0,0,0,0
0,0,1,0,0,0,0
0,0,1,0,0,1,0
0,0,0,0,0,0,1
0,0,1,0,0,0,0
0,0,1,0,0,0,0
0,0,1,0,0,0,0
0,0,1,0,0,0,0
0,0,1,0,0,1,0
0,0,1,0,1,0,0
0,0,0,0,0,1,0
0,0,1,0,0,0,0
0,0,1,0,0,0,0
0,0,0,0,0,1,1
0,0,1,0,0,0,0
0,0,1,0,0,0,0
0,0,0,0,0,1,0
0,0,1,0,0,1,0
0,0,1,0,0,0,0
0,0,1,0,0,0,0
0,0,1,0,0,1,0
0,0,0,0,0,1,0
0,0,1,0,0,1,0
0,0,0,0,0,0,1
0,0,0,0,0,0,1
0,0,0,0,0,0,1
0,0,1,0,0,0,0
0,0,0,0,0,1,0
0,0,1,0,0,1,0
0,0,1,0,0,0,0
0,0,1,0,0,1,0
0,0,1,0,0,0,0
0,0,0,0,0,0,1
0,0,1,0,0,0,0
0,0,1,0,0,0,1
0,0,0,0,0,0,1
0,0,0,0,0,1,0
0,0,0,0,0,1,0
0,0,1,0,0,0,0
0,0,1,0,0,0,0
0,0,1,0,0,0,0
0,0,1,0,0,1,0
0,0,0,0,0,1,0
0,0,0,0,0,1,1
0,0,1,0,0,1,0
0,0,0,0,0,1,1
0,0,0,0,0,1,0
0,0,1,0,0,0,0
0,0,0,0,0,0,1
0,0,1,0,0,0,0
0,0,0,0,0,1,1
0,0,0,0,0,1,0
0,0,1,0,0,0,1
0,0,1,0,0,1,0
0,0,0,0,0,0,1
0,0,0,0,0,0,1
0,0,1,0,0,0,0
0,0,1,0,0,1,0
0,0,0,0,0,1,1
0,0,1,0,0,1,0
0,0,1,0,0,0,0
0,0,1,0,0,0,1
0,0,1,0,0,1,0
0,0,1,0,0,1,1
0,0,0,0,0,0,1
0,0,0,0,0,1,0
0,0,0,0,0,0,1
0,0,0,0,0,0,1
0,0,0,0,0,0,1
0,0,1,0,0,0,0
0,0,1,0,0,1,0
0,0,1,0,0,0,0
0,0,0,0,0,0,1
0,0,1,0,0,1,0
0,0,0,0,0,1,0
0,0,0,0,0,1,0
0,0,1,0,0,0,0
0,0,0,0,0,0,1
0,0,1,0,0,0,0
0,0,1,0,0,0,0
0,0,0,0,0,1,0
0,0,0,0,0,1,0
0,0,0,0,0,0,1
0,0,1,0,0,1,0
0,0,1,0,0,1,0
0,0,0,0,0,0,1
0,0,0,0,0,0,1
0,0,1,0,0,0,0
0,0,1,0,0,1,1
0,0,1,0,0,1,0
0,0,0,0,0,1,1
0,0,1,0,0,0,0
0,0,0,0,0,0,1
0,0,1,0,0,1,0
0,0,0,0,0,1,0
0,0,1,0,0,1,0
0,0,1,0,0,0,0
0,0,1,0,0,1,0
0,0,1,0,0,0,0
0,0,1,0,0,1,0
0,0,0,0,0,1,0
0,0,0,0,0,1,0
0,0,1,0,0,0,0
0,0,0,0,0,0,1
0,0,1,0,0,1,0
0,0,1,0,0,0,0
0,0,1,0,0,0,0
0,0,1,0,0,0,0
0,0,0,0,0,1,1
0,0,1,0,0,0,0
0,0,0,0,0,1,0
0,0,0,0,0,1,0
0,0,0,0,0,1,0
0,0,1,0,0,1,1
0,0,0,0,0,0,1
0,0,1,0,0,1,1
0,0,1,0,0,0,0
0,0,1,0,0,1,1
0,0,1,0,0,1,0
0,0,1,0,0,1,0
0,0,1,0,0,0,0
0,0,0,0,0,0,1
0,0,0,0,0,1,0
0,0,1,0,0,0,0
0,0,0,0,0,1,0
0,0,1,0,0,1,0
0,0,1,0,0,0,1
0,0,1,0,0,0,0
0,0,0,0,0,1,1
0,0,1,0,0,1,0
0,0,1,0,0,0,1
0,0,1,0,0,0,1
0,0,0,0,0,1,0
0,0,0,0,0,0,1
0,0,1,0,0,0,0
0,0,1,0,0,0,0
0,0,1,0,0,0,0
0,0,0,0,0,1,0
0,0,1,0,0,1,0
0,0,0,0,0,1,0
0,0,1,0,0,0,0
0,0,1,0,0,0,0
0,0,1,0,0,1,0
0,0,1,0,0,0,0
0,0,1,0,0,0,0
0,0,1,0,0,0,0
0,0,0,0,0,1,0
0,0,0,0,0,0,1
0,0,1,0,0,1,0
0,0,1,0,0,1,0
0,0,1,0,0,1,0
0,0,1,0,0,1,1
0,0,1,0,0,0,0
0,0,1,0,0,0,0
0,0,1,0,0,0,0
0,0,1,0,0,1,0
0,0,0,0,0,1,0
0,0,0,0,0,1,0
0,0,1,0,0,0,0
0,0,0,0,0,1,1
0,0,1,0,0,0,0
0,0,0,0,0,1,1
0,0,0,0,0,1,1
0,0,0,0,0,1,0
0,0,0,0,0,0,1
0,0,1,0,0,0,0
0,0,1,0,0,1,0
0,0,0,0,0,1,0
0,0,0,0,0,0,1
0,0,1,0,0,1,1
0,0,0,0,0,1,1
0,0,1,0,0,1,0
0,0,1,0,0,1,0
0,0,0,0,0,1,0
0,0,1,0,0,1,1
0,0,1,0,0,1,0
0,0,1,0,0,0,1
0,0,1,0,0,1,0
0,0,0,0,0,1,0
0,0,0,0,0,1,0
0,0,0,0,0,1,1
0,0,1,0,0,1,1
0,0,1,0,0,0,0
0,0,1,0,0,1,0
0,0,1,0,0,0,1
0,0,1,0,0,0,0
0,0,0,0,0,0,1
0,0,0,0,0,1,0
0,0,0,0,0,0,1
0,0,1,0,0,0,0
0,0,0,0,0,1,1
0,0,0,0,0,1,1
0,0,1,0,0,1,1
0,0,1,0,0,1,0
0,0,0,0,0,1,0
0,0,0,0,0,1,0
0,0,0,0,0,0,1
0,0,1,0,0,1,0
0,0,1,0,0,1,1
0,0,1,0,0,0,0
0,0,1,0,0,0,0
0,0,1,0,0,1,1
0,0,1,0,0,0,0
0,0,0,0,0,1,0
0,0,1,0,0,1,0
0,0,1,0,0,0,0
0,0,1,0,0,1,0
0,0,1,0,0,1,0
0,0,1,0,0,1,0
0,0,1,0,0,0,0
0,0,1,0,0,0,0
0,0,0,0,0,1,0
0,0,0,0,0,1,0
0,0,0,0,0,1,0
0,0,0,0,0,1,0
0,0,1,0,0,0,1
0,0,0,0,0,1,1
0,0,1,0,0,1,1
0,0,0,0,0,1,0
0,0,0,0,0,0,1
0,0,0,0,0,0,1
0,0,1,0,0,0,0
0,0,1,0,0,1,0
0,0,1,0,0,1,0
0,0,0,0,0,1,0
0,0,0,0,0,0,1
0,0,1,0,0,1,0
0,0,1,0,0,1,0
0,0,1,0,0,1,0
0,0,1,0,0,1,1
0,0,1,0,0,0,0
0,0,0,0,0,1,0
0,0,1,0,0,1,0
0,0,1,0,0,0,0
0,0,0,0,0,1,0
0,0,1,0,0,1,0
0,0,0,0,0,0,1
0,0,0,0,0,1,0
0,0,1,0,0,0,1
0,0,1,0,0,0,0
0,0,1,0,0,0,1
0,0,1,0,0,0,0
0,0,1,0,0,1,0
0,0,0,0,0,0,1
0,0,1,0,0,1,0
0,0,0,0,0,0,1
0,0,0,0,0,0,1
0,0,0,0,0,1,0
0,0,1,0,0,0,0
0,0,0,0,0,0,1
0,0,1,0,0,1,0
0,0,0,0,0,1,0
0,0,0,0,0,0,1
0,0,1,0,0,0,0
0,0,1,0,0,1,1
0,0,1,0,0,0,0
0,0,1,0,0,1,0
0,0,1,0,0,1,0
0,0,0,0,0,0,1
0,0,0,0,0,1,0
0,0,1,0,0,0,0
0,0,0,0,0,1,1
0,0,0,0,0,1,0
0,0,1,0,0,0,0
0,0,1,0,0,0,1
0,0,1,0,0,1,1
0,0,1,0,0,0,0
0,0,0,0,0,1,0
0,0,1,0,0,1,0
0,0,1,0,0,1,1
0,0,1,0,0,0,0
0,0,1,0,0,1,0
0,0,0,0,0,0,1
0,0,1,0,0,0,0
0,0,1,0,0,0,0
0,0,1,0,0,0,1
0,0,0,0,0,1,1
0,0,0,0,0,1,0
0,0,0,0,0,0,1
0,0,0,0,0,1,0
0,0,1,0,0,1,0
0,0,1,0,0,0,0
0,0,1,0,0,1,0
0,0,0,0,0,0,1
0,0,1,0,0,1,0
0,0,0,0,0,1,1
0,0,0,0,0,1,0
0,0,1,0,0,1,1
0,0,1,0,0,0,0
0,0,0,0,0,1,0
0,0,0,0,0,0,1
0,0,1,0,0,1,0
0,0,1,0,0,1,0
0,0,0,0,0,1,1
0,0,0,0,0,0,1
0,0,1,0,0,0,0
0,0,1,0,0,1,0
0,0,0,0,0,0,1
0,0,1,0,0,1,0
0,0,1,0,0,0,0
0,0,1,0,0,0,0
0,0,1,0,0,0,1
0,0,0,0,0,0,1
0,0,1,0,0,0,0
0,0,1,0,0,0,0
0,0,1,0,0,1,0
0,0,0,0,0,0,1
0,0,1,0,0,0,0
0,0,0,0,0,1,0
0,0,1,0,0,1,1
0,0,0,0,0,1,0
0,0,0,0,0,0,1
0,0,1,0,0,0,0
0,0,0,0,0,0,1
0,0,0,0,0,0,1
0,0,1,0,0,1,0
0,0,1,0,0,0,0
0,0,1,0,0,1,0
0,0,1,0,0,1,0
0,0,0,0,0,0,1
0,0,1,0,0,1,0
0,0,0,0,0,0,1
0,0,1,0,0,0,0
0,0,0,0,0,0,1
0,0,0,0,0,0,1
0,0,1,0,0,1,0
0,0,0,0,0,1,1
0,0,0,0,0,0,1
0,0,0,0,0,0,1
0,0,1,0,0,1,1
0,0,1,0,0,0,0
0,0,1,0,0,1,1
0,0,0,0,0,1,0
0,0,1,0,0,1,0
0,0,1,0,0,1,0
0,0,1,0,0,1,1
0,0,1,0,0,0,0
0,0,0,0,0,0,1
0,0,0,0,0,0,1
0,0,1,0,0,0,0
0,0,1,0,0,1,0
0,0,1,0,0,1,0
0,0,1,0,0,1,0
0,0,1,0,0,1,0
0,0,0,0,0,0,1
0,0,1,0,0,0,0
0,0,1,0,0,1,0
0,0,1,0,0,1,0
0,0,1,0,0,0,0
0,0,0,0,0,1,0
0,0,1,0,0,1,0
0,0,0,0,0,1,0
0,0,0,0,0,1,0
0,0,0,0,0,0,1
0,0,0,0,0,0,1
0,0,0,0,0,1,0
0,0,0,0,0,1,0
0,0,0,0,0,0,1
0,0,1,0,0,0,0
0,0,0,0,0,1,1
0,0,0,0,0,1,0
0,0,0,0,0,1,0
0,0,1,0,0,1,0
0,0,0,0,0,0,1
0,0,0,0,0,0,1
0,0,1,0,0,0,0
0,0,0,0,0,1,1
0,0,1,0,0,0,0
0,0,1,0,0,1,0
0,0,1,0,0,0,0
0,0,1,0,0,0,0
0,0,1,0,0,0,0
0,0,1,0,0,0,0
0,0,1,0,0,0,0
0,0,0,0,0,0,1
0,0,1,0,0,1,1
0,0,1,0,0,1,0
0,0,0,0,0,1,0
0,0,1,0,0,1,0
0,0,0,0,0,0,1
0,0,0,0,0,0,1
0,0,1,0,0,0,0
0,0,1,0,1,1,1
0,0,0,0,0,1,0
0,0,1,0,0,0,0
0,0,0,0,0,0,1
0,0,0,0,0,1,0
0,0,0,0,0,1,0
0,0,1,0,0,1,0
0,0,0,0,0,0,1
0,0,0,0,0,1,0
0,0,0,0,0,0,1
0,0,0,0,0,0,1
0,0,0,0,0,1,1
0,0,0,0,0,0,1
0,0,0,0,0,0,1
0,0,0,0,0,1,0
0,0,1,0,0,0,0
0,0,0,0,0,1,1
0,0,1,0,0,0,0
0,0,1,0,0,0,0
0,0,0,0,0,0,1
0,0,0,0,0,0,1
0,0,0,0,0,1,0
0,0,0,0,0,0,1
0,0,1,0,0,1,1
0,0,0,0,0,1,0
0,0,1,0,0,1,1
0,0,1,0,0,0,1
0,0,1,0,0,0,0
0,0,0,0,0,1,0
0,0,1,0,0,0,0
0,0,1,0,0,0,0
0,0,0,0,0,1,0
0,0,0,0,0,1,0
0,0,0,0,0,1,0
0,0,0,0,0,1,0
0,0,0,0,0,1,1
0,0,0,0,0,0,1
0,0,0,0,0,0,1
0,0,1,0,0,1,1
0,0,0,0,0,0,1
0,0,1,0,1,1,1
0,0,0,0,0,1,0
0,0,1,0,0,1,0
0,0,0,0,0,1,0
0,0,1,0,0,1,0
0,0,1,0,0,0,0
0,0,1,0,0,0,0
0,0,1,0,0,0,0
0,0,1,0,0,0,0
0,0,1,0,0,1,1
0,0,1,0,0,0,0
0,0,1,0,0,0,1
0,0,0,0,0,0,1
0,0,1,0,0,1,0
0,0,0,0,0,1,0
0,0,0,0,0,1,0
0,0,1,0,0,1,1
0,0,0,0,0,0,1
0,0,0,0,0,1,0
0,0,0,0,0,1,1
0,0,0,0,0,0,1
0,0,1,0,0,0,0
0,0,0,0,0,1,0
0,0,0,0,0,0,1
0,0,1,0,0,1,0
0,0,0,0,0,0,1
0,0,1,0,0,0,0
0,0,0,0,0,0,1
0,0,0,0,0,0,1
0,0,0,0,0,0,1
0,0,1,0,0,0,0
0,0,1,0,0,1,0
0,0,0,0,0,1,1
0,0,1,0,0,0,0
0,0,0,0,0,1,1
0,0,1,0,0,1,0
0,0,1,0,0,0,0
0,0,1,0,0,0,0
0,0,1,0,0,0,0
0,0,0,0,0,1,0
0,0,0,0,0,1,0
0,0,0,0,0,1,1
0,0,1,0,0,0,0
0,0,1,0,0,0,1
0,0,0,0,0,0,1
0,0,1,0,0,0,0
0,0,0,0,0,0,1
0,0,1,0,0,0,1
0,0,1,0,0,0,1
0,0,1,0,0,0,0
0,0,0,0,0,0,1
0,0,0,0,0,1,0
0,0,1,0,0,1,0
0,0,0,0,0,1,0
0,0,1,0,0,0,0
0,0,1,0,0,0,0
0,0,0,0,0,0,1
0,0,1,0,0,1,0
0,0,1,0,0,1,0
0,0,1,0,0,0,0
0,0,1,0,0,1,0
0,0,1,0,0,0,0
0,0,0,0,0,1,0
0,0,0,0,0,1,0
0,0,0,0,0,1,1
0,0,1,0,0,0,0
0,0,0,0,0,1,0
0,0,1,0,0,1,0
0,0,1,0,0,1,0
0,0,0,0,0,1,0
0,0,1,0,0,0,0
0,0,1,0,0,0,0
0,0,1,0,0,1,1
0,0,1,0,0,1,1
0,0,1,0,0,0,0
0,0,0,0,0,0,1
0,0,1,0,0,1,0
0,0,1,0,0,1,0
0,0,1,0,0,0,0
0,0,1,0,0,0,0
0,0,1,0,0,1,0
0,0,0,0,0,1,0
0,0,1,0,0,1,1
0,0,1,0,0,1,0
0,0,0,0,0,0,1
0,0,0,0,0,0,1
0,0,1,0,0,1,0
0,0,0,0,0,1,0
0,0,0,0,0,1,0
0,0,0,0,0,1,0
0,0,0,0,0,1,0
0,0,1,0,0,1,0
0,0,1,0,0,0,0
0,0,0,0,0,1,0
0,0,1,0,0,1,0
0,0,1,0,0,0,1
0,0,0,0,0,1,1
0,0,1,0,0,0,0
0,0,0,0,0,1,1
0,0,0,0,0,1,0
0,0,1,0,0,0,0
0,0,1,0,0,1,0
0,0,1,0,0,0,0
0,0,1,0,0,1,1
0,0,0,0,0,1,0
0,0,0,0,0,1,0
0,0,1,0,0,1,0
0,0,1,0,0,1,0
0,0,1,0,0,0,0
0,0,1,0,0,1,0
0,0,0,0,0,1,1
0,0,1,0,0,1,0
0,0,0,0,0,1,0
0,0,1,0,0,0,0
0,0,1,0,0,1,0
0,0,0,0,0,0,1
0,0,1,0,0,0,0
0,0,1,0,0,0,0
0,0,0,0,0,1,1
0,0,0,0,0,1,0
0,1,1,0,0,0,0
0,0,0,0,0,0,1
0,0,1,0,0,1,0
0,0,0,0,0,0,1
0,0,1,0,0,0,0
0,0,0,0,0,0,1
0,0,0,0,0,0,1
0,0,1,0,0,0,0
0,0,1,0,0,1,0
0,0,1,0,0,0,0
0,0,0,0,0,0,1
0,0,1,0,0,0,0
0,0,0,0,0,0,1
0,0,0,0,0,1,1
0,0,1,0,0,1,0
0,0,0,0,0,1,0
0,0,1,0,0,0,0
0,0,1,0,0,1,0
0,0,0,0,0,1,1
0,0,0,0,0,0,1
0,0,0,0,0,0,1
0,0,1,0,0,0,0
0,0,0,0,0,0,1
0,0,0,0,0,1,1
0,0,1,0,0,1,0
0,0,1,0,0,1,1
0,0,0,0,0,0,1
0,0,1,0,0,1,0
0,0,1,0,0,0,0
0,0,1,0,0,0,0
0,0,1,0,0,0,0
0,0,0,0,0,0,1
0,0,0,0,0,0,1
0,0,0,0,0,0,1
0,0,1,0,0,0,0
0,0,1,0,0,0,0
0,0,1,0,0,0,0
0,0,1,0,0,0,0
0,0,1,0,0,1,0
0,0,1,0,0,0,0
0,0,1,0,0,1,0
0,0,1,0,0,0,0
0,0,1,0,0,1,0
0,0,1,0,0,0,0
0,0,1,0,0,1,1
0,1,0,0,0,0,0
0,0,1,0,0,0,0
0,0,1,0,0,1,0
0,0,0,0,0,0,1
0,1,1,0,0,0,0
0,0,1,0,0,1,0
0,0,1,0,0,0,0
0,0,1,0,0,0,0
0,0,0,0,0,1,0
0,0,1,0,0,0,0
0,0,1,0,0,0,0
0,0,1,0,0,0,0
0,1,1,0,0,0,0
0,0,0,0,0,0,1
0,0,0,0,0,0,1
0,0,0,0,0,1,1
0,0,0,0,0,1,0
0,0,1,0,0,1,0
0,0,1,0,0,1,0
0,0,1,0,0,0,0
0,0,0,0,0,1,0
0,0,0,0,0,0,1
0,0,1,0,0,1,1
0,0,1,0,0,1,0
0,0,1,0,0,0,0
0,0,0,0,0,1,0
0,0,0,0,0,1,0
0,0,1,0,0,0,0
0,0,0,0,0,0,1
0,0,0,0,0,1,0
0,0,1,0,0,0,0
0,0,0,0,0,0,1
0,0,0,0,0,1,1
0,0,1,0,0,0,0
0,0,1,0,0,0,0
0,0,1,0,0,0,0
0,0,1,0,0,0,0
0,0,1,0,0,0,0
0,0,1,0,0,0,0
0,0,1,0,0,0,0
0,0,0,0,0,1,0
0,0,1,0,0,1,0
0,1,0,0,0,0,0
0,0,1,0,0,0,0
0,0,1,0,0,0,0
0,0,0,0,0,0,1
0,0,0,0,0,0,1
0,0,1,0,0,0,0
0,0,1,0,0,0,0
0,0,1,0,0,1,0
0,0,1,0,0,0,0
0,0,0,0,0,1,0
0,0,1,0,0,0,0
0,0,1,0,0,0,0
0,0,0,0,0,0,1
0,1,0,0,0,0,0
0,0,0,0,0,0,1
0,0,1,0,0,0,1
0,0,1,0,0,0,0
0,0,0,0,0,1,0
0,0,0,0,0,1,0
0,0,1,0,0,0,0
0,0,1,0,0,1,0
0,1,1,0,0,1,0
0,0,0,0,0,1,0
0,0,1,0,0,1,0
0,0,1,0,0,0,0
0,0,1,0,0,1,0
0,0,1,0,0,0,0
0,0,1,0,0,0,0
0,0,1,0,0,0,0
0,0,1,0,0,1,0
0,0,0,0,0,1,0
0,0,1,0,0,0,0
0,0,0,0,0,1,0
0,0,0,0,0,1,0
0,0,1,0,0,1,0
0,0,1,0,0,1,0
0,0,0,1,0,0,0
0,0,0,0,0,0,1
0,0,0,0,0,1,0
0,0,0,0,0,1,0
0,0,1,0,0,1,0
0,0,0,0,0,0,1
0,0,0,0,0,0,1
0,0,1,0,0,0,0
0,0,0,0,0,0,1
0,0,1,0,0,1,0
0,0,0,0,0,0,1
0,0,0,0,0,1,1
0,0,1,0,0,0,0
0,0,1,0,0,1,0
0,0,0,0,0,0,1
0,0,1,0,0,0,0
0,0,1,0,0,0,0
0,0,1,0,0,0,0
0,0,0,0,0,1,0
0,0,1,0,0,0,0
0,0,1,0,0,0,0
0,0,1,0,0,1,1
0,0,0,0,0,0,1
0,0,0,0,0,1,0
0,0,1,0,0,0,0
0,0,1,0,0,0,0
0,0,1,0,0,0,0
0,0,0,0,0,1,0
0,0,0,0,0,1,0
0,0,0,0,0,0,1
0,0,1,0,0,0,0
0,0,0,0,0,0,1
0,0,1,0,0,0,0
0,0,0,0,0,1,0
0,0,0,0,0,1,0
0,0,0,0,0,1,0
0,0,0,0,0,1,1
0,0,1,0,0,1,1
0,0,0,0,0,0,1
0,0,1,0,0,0,0
0,0,1,0,0,1,0
0,0,1,0,0,0,0
0,0,0,0,0,1,0
0,0,0,0,0,1,0
0,0,1,0,0,0,0
0,0,0,0,0,1,0
0,0,0,0,0,0,1
0,0,1,0,0,1,0
0,0,1,0,0,0,0
0,0,1,0,0,0,0
0,0,0,0,0,1,0
0,0,1,0,0,0,0
0,0,1,0,0,0,0
0,0,1,0,0,1,1
0,0,0,0,0,0,1
0,0,1,0,0,0,0
0,0,1,0,0,0,0
0,0,1,0,0,0,0
0,0,1,0,0,1,0
0,0,0,0,0,0,1
0,0,0,0,0,1,0
0,0,1,0,0,0,0
0,0,1,0,0,1,0
0,0,1,0,0,1,0
0,0,1,0,0,0,0
0,0,1,0,0,0,0
0,0,0,0,0,0,1
0,0,1,0,0,0,0
0,0,1,0,0,0,0
0,0,0,0,0,1,0
0,0,1,0,0,0,0
0,0,1,0,0,1,1
0,0,0,0,0,1,0
0,0,0,0,0,0,1
0,0,1,0,0,0,0
0,0,0,0,0,0,1
0,0,1,0,0,0,0
0,0,1,0,0,0,0
0,0,1,0,0,1,1
0,0,0,0,0,1,0
0,0,1,0,0,1,1
0,0,1,0,0,1,1
0,0,1,0,0,1,0
0,0,0,0,0,1,0
0,0,0,0,0,1,0
0,0,1,0,0,1,1
0,0,0,0,0,1,1
0,0,0,0,0,1,0
0,0,0,0,0,1,1
0,0,1,0,0,1,1
0,0,1,0,0,1,0
0,0,1,0,0,1,0
0,0,1,0,0,0,0
0,1,1,0,0,1,0
0,0,1,0,1,0,1
0,0,1,0,0,0,0
0,0,1,0,0,0,0
0,0,0,0,0,1,0
0,0,1,0,0,0,0
0,0,0,0,0,0,1
0,0,0,0,0,0,1
0,0,1,0,0,0,0
0,0,1,0,0,1,0
0,0,1,0,0,0,0
0,0,1,0,0,1,0
0,0,0,0,0,1,0
0,0,0,0,0,0,1
0,0,0,0,0,1,0
0,0,0,0,0,1,0
0,0,1,0,0,1,0
0,0,0,0,0,0,1
0,0,1,0,0,1,0
0,0,1,0,0,1,0
0,0,0,0,0,1,0
0,0,1,0,0,1,0
0,0,0,0,0,1,1
0,0,1,0,0,0,0
0,0,1,0,0,0,0
0,0,1,0,0,0,1
0,0,1,0,0,0,0
0,0,1,0,0,0,0
0,0,0,0,0,0,1
0,0,1,0,0,0,0
0,0,1,0,0,0,0
0,0,0,0,0,0,1
0,0,0,0,0,0,1
0,0,1,0,0,0,0
0,0,1,0,0,0,0
0,0,1,0,0,1,0
0,0,1,0,0,0,1
0,0,1,0,0,1,1
0,1,1,0,0,0,0
0,0,0,0,0,0,1
0,0,1,0,0,1,0
0,0,0,0,0,0,1
0,0,0,0,0,0,1
0,0,1,0,0,1,1
0,0,1,0,0,0,0
0,0,1,0,0,0,0
0,0,0,0,0,0,1
0,0,0,0,0,0,1
0,0,1,0,0,0,0
0,0,1,0,0,0,0
0,0,1,0,0,0,0
0,0,0,0,0,0,1
0,0,0,0,0,0,1
0,0,0,0,0,0,1
0,0,1,0,0,1,1
0,0,1,0,0,0,0
0,0,1,0,0,0,0
0,0,0,0,0,1,1
0,0,0,0,0,0,1
0,0,0,0,0,1,0
0,0,1,0,0,0,0
0,0,0,0,0,1,1
0,0,0,0,0,1,0
0,0,1,0,0,1,0
0,0,1,0,0,0,0
0,0,1,0,0,0,0
0,0,1,0,0,1,0
0,0,0,0,0,1,0
0,0,1,0,0,1,0
0,0,1,0,0,1,1
0,0,0,0,0,1,0
0,0,1,0,0,1,0
0,0,0,0,0,1,0
0,0,0,0,0,1,0
0,0,0,0,0,0,1
0,0,0,0,0,0,1
0,0,0,0,0,1,0
0,0,1,0,0,1,0
0,0,0,0,0,1,0
0,0,0,0,0,0,1
0,0,1,0,0,1,0
0,0,1,0,0,0,0
0,0,0,0,0,1,0
0,0,1,0,0,0,0
0,0,1,0,0,0,0
0,0,1,0,0,0,0
0,0,1,0,0,0,0
0,0,1,0,0,0,0
0,0,1,0,0,0,1
0,0,1,0,0,1,1
0,0,1,0,0,0,0
0,0,0,0,0,1,0
0,0,1,0,0,0,0
0,0,1,0,0,0,0
0,1,1,0,0,0,0
0,0,0,0,0,0,1
0,0,1,0,0,1,0
0,1,1,0,0,1,0
0,0,1,0,0,0,0
0,0,0,0,0,1,0
0,0,0,0,0,1,0
0,0,0,0,0,1,0
0,1,0,0,0,0,0
0,0,1,0,0,0,0
0,0,1,0,0,0,0
0,0,0,0,0,0,1
0,0,0,0,0,0,1
0,1,0,0,0,0,0
0,0,1,0,0,0,0
0,0,1,0,0,1,0
0,0,1,0,0,1,0
0,0,0,0,0,0,1
0,0,0,0,0,1,1
0,0,1,0,0,0,0
0,0,1,0,0,0,0
0,0,1,0,0,1,1
0,0,1,0,0,0,0
0,0,1,0,0,1,0
0,0,1,0,0,0,0
0,0,1,0,0,0,0
0,0,0,0,0,1,0
0,0,1,0,0,1,0
0,0,1,0,0,1,0
0,0,1,0,0,0,0
0,0,1,0,0,1,0
0,0,1,0,0,0,0
0,0,1,0,0,0,0
0,0,1,0,0,1,1
0,0,1,0,0,0,0
0,0,0,0,0,0,1
0,0,1,0,0,1,0
0,0,1,0,0,0,0
0,0,0,0,0,1,0
0,0,1,0,0,0,0
0,0,1,0,0,1,0
0,0,1,0,0,1,0
0,0,1,0,0,1,0
0,0,0,0,0,1,1
0,0,1,0,0,0,0
0,0,0,0,0,1,1
0,0,1,0,0,0,0
0,0,1,0,0,0,0
0,0,1,0,0,0,0
0,0,1,0,0,0,0
0,0,1,0,0,0,0
0,0,0,0,0,1,0
0,0,1,0,0,1,0
0,0,0,0,0,0,1
0,0,0,0,0,1,0
0,0,0,0,0,1,1
0,0,1,0,0,0,0
0,0,0,0,0,0,1
0,0,0,0,0,0,1
0,0,0,0,0,1,1
0,0,1,0,0,0,0
0,0,0,0,0,0,1
0,0,1,0,0,0,0
0,0,1,0,0,0,0
0,0,0,0,0,1,1
0,0,0,0,0,0,1
0,0,1,0,0,0,0
0,0,0,0,0,1,0
0,1,0,0,0,0,0
0,0,0,0,0,1,0
0,0,1,0,0,1,0
0,0,1,0,0,0,0
0,0,1,0,0,0,1
0,0,1,0,0,0,0
0,0,1,0,0,1,0
0,0,0,0,0,1,0
0,0,0,0,0,0,1
0,0,1,0,0,1,0
0,0,1,0,0,1,0
0,0,1,0,0,0,0
0,0,1,0,0,0,0
0,0,1,0,0,0,0
0,0,1,0,0,1,0
0,0,1,0,0,0,0
0,0,0,0,0,0,1
0,0,1,0,0,0,0
0,0,1,0,0,0,0
0,0,1,0,0,0,0
0,0,1,0,0,0,0
0,0,1,0,0,1,0
0,0,0,0,0,0,1
0,0,0,0,0,0,1
0,0,1,0,0,0,1
1,0,0,0,0,0,0
0,0,0,0,0,1,0
0,0,1,0,0,0,0
0,0,0,0,0,1,0
0,0,0,0,0,1,1
0,0,1,0,0,1,0
0,0,1,0,0,0,0
0,0,1,0,0,0,0
0,0,1,0,0,0,0
0,0,1,0,0,0,1
0,0,0,0,0,0,1
0,0,0,0,0,1,1
0,0,0,0,0,1,0
0,0,0,0,0,0,1
0,0,1,0,0,0,0
0,0,1,0,0,0,0
0,0,1,0,0,0,0
0,0,1,0,0,1,0
0,0,1,0,0,1,0
0,0,1,0,0,0,0
0,0,1,0,0,0,0
0,0,1,0,0,0,0
0,0,1,0,0,0,0
0,0,0,0,0,0,1
0,0,0,0,0,1,0
0,0,0,0,0,1,0
0,0,1,0,0,0,0
0,1,1,0,0,0,0
0,0,0,0,0,0,1
0,0,0,0,0,0,1
0,0,0,0,0,0,1
0,0,1,0,0,0,0
0,0,0,0,0,0,1
0,0,1,0,0,0,0
0,0,1,0,0,1,0
0,0,1,0,0,0,0
0,0,1,0,0,1,0
0,0,0,0,0,1,0
0,0,1,0,0,0,0
0,0,1,0,0,1,0
0,0,0,0,0,1,0
0,0,1,0,0,0,0
0,0,0,0,0,1,0
0,0,1,0,0,0,0
0,0,0,0,0,1,1
0,0,0,0,0,1,0
0,0,1,0,0,0,0
0,0,0,0,0,1,0
0,0,0,0,0,0,1
0,0,0,0,0,0,1
0,0,1,0,0,0,0
0,0,0,0,0,0,1
0,0,0,0,0,0,1
0,0,0,0,0,0,1
0,0,1,0,0,0,0
0,0,0,0,0,0,1
0,0,0,0,0,1,0
0,0,1,0,0,0,0
0,0,1,0,0,0,0
0,0,0,0,0,1,0
0,0,0,0,0,0,1
0,0,0,0,0,1,1
0,0,1,0,0,0,0
0,0,1,0,0,0,0
0,0,1,0,0,0,0
0,0,1,0,0,1,0
0,0,1,0,0,0,0
0,0,1,0,0,0,0
0,0,1,0,0,1,0
0,0,0,0,0,1,0
0,0,1,0,0,1,0
0,0,0,0,0,1,0
0,0,0,0,0,1,0
0,0,1,0,0,0,0
0,0,0,0,0,0,1
0,0,0,0,0,1,0
0,0,0,0,0,0,1
0,0,0,0,0,0,1
0,0,0,0,0,0,1
0,0,0,0,0,1,0
0,0,0,0,0,0,1
0,0,0,0,0,0,1
0,0,0,0,0,0,1
0,0,1,0,0,0,0
0,0,1,0,0,1,0
0,0,1,0,0,1,0
0,0,0,0,0,1,0
0,0,1,0,0,1,0
0,0,1,0,0,0,0
0,0,0,0,0,1,0
0,0,0,0,0,1,0
0,0,1,0,0,0,0
0,0,0,0,0,1,1
0,0,1,0,0,0,0
0,1,1,0,0,1,0
0,0,0,0,0,1,0
0,0,1,0,0,0,0
0,0,1,0,0,0,0
0,0,0,0,0,1,0
0,0,1,0,0,0,1
0,0,1,0,0,0,0
0,0,1,0,0,0,0
0,0,0,0,0,0,1
0,0,1,0,0,1,0
0,0,0,0,0,1,0
0,0,1,0,0,1,0
0,0,0,0,0,1,0
0,0,0,0,0,1,0
0,1,0,0,0,0,0
0,0,0,0,0,1,0
0,0,0,0,0,1,0
0,0,1,0,0,0,0
0,0,0,0,0,1,0
0,0,0,0,0,1,0
0,0,1,0,0,1,0
0,0,1,0,0,0,1
0,0,1,0,0,1,0
0,0,0,0,0,1,0
0,0,1,0,0,0,0
0,0,0,0,0,1,0
0,0,1,0,0,0,0
0,0,0,0,0,1,0
0,0,1,0,0,0,0
0,0,0,0,0,0,1
0,0,0,0,0,1,1
0,0,1,0,0,1,1
0,0,0,0,0,0,1
0,0,1,0,0,1,0
0,0,1,0,0,0,0
0,0,1,0,0,1,0
0,0,1,0,0,0,0
0,0,1,0,0,1,1
0,0,0,0,0,1,0
0,0,0,0,0,0,1
0,0,1,0,0,0,0
0,0,0,0,0,1,1
0,0,0,0,0,0,1
0,0,1,0,0,0,0
0,0,0,0,0,0,1
0,0,1,0,0,0,1
0,0,0,0,0,1,0
0,0,0,0,0,1,0
0,0,1,0,0,0,0
0,0,1,0,0,1,0
0,0,0,0,0,1,1
0,0,1,0,0,0,0
0,0,1,0,0,1,0
0,0,1,0,0,1,0
0,0,0,0,0,0,1
0,0,1,0,0,0,0
0,0,1,0,0,1,0
0,0,1,0,0,0,0
0,0,1,0,0,0,0
0,0,0,0,0,1,0
0,1,1,0,0,0,0
0,0,0,0,0,1,0
0,0,1,0,0,0,0
0,0,1,0,0,0,0
0,0,1,0,0,0,1
0,0,1,0,0,0,0
0,0,1,0,0,0,0
0,0,0,0,0,1,0
0,0,0,0,0,0,1
0,0,1,0,0,0,0
0,0,0,0,0,1,1
0,0,0,0,0,0,1
0,0,0,0,0,0,1
0,0,1,0,0,0,0
0,0,0,0,0,1,0
0,0,1,0,0,0,0
0,0,1,0,0,1,1
0,0,1,0,0,0,0
0,0,0,0,0,1,0
0,0,0,0,0,0,1
0,0,0,0,0,0,1
0,0,0,0,0,1,0
0,0,1,0,0,0,0
0,0,1,0,0,1,0
0,0,0,0,0,0,1
0,0,0,0,0,1,0
0,0,0,0,0,1,1
0,0,0,0,0,0,1
0,0,1,0,0,0,0
0,0,1,0,0,1,0
0,0,1,0,0,0,0
0,0,1,0,0,1,0
0,0,0,0,0,0,1
0,0,1,0,0,1,0
0,0,0,0,0,0,1
0,0,0,0,0,1,0
0,0,1,0,0,0,0
0,0,0,0,0,0,1
0,0,1,0,0,1,0
0,0,1,0,0,0,0
0,0,1,0,0,0,0
0,0,1,0,0,1,0
0,0,0,0,0,0,1
0,0,1,0,0,1,0
0,0,1,0,0,0,0
0,0,0,0,0,0,1
0,0,0,0,0,0,1
0,0,1,0,0,0,0
0,0,1,0,0,0,0
0,0,0,0,0,1,1
0,0,0,0,0,1,1
0,0,0,0,0,0,1
0,0,1,0,0,1,0
0,0,0,0,0,1,0
0,0,1,0,0,0,0
0,0,0,0,0,0,1
0,0,0,0,0,1,0
0,0,1,0,0,1,0
0,0,1,0,0,1,0
0,0,0,0,0,0,1
0,0,1,0,0,0,0
0,0,0,0,0,1,0
0,0,1,0,0,0,0
0,0,0,0,0,1,0
0,0,1,0,0,0,0
0,0,0,0,0,1,1
0,0,0,0,0,1,1
0,0,0,0,0,0,1
0,0,1,0,0,0,0
0,0,0,0,0,0,1
0,0,1,0,0,1,1
0,0,0,0,0,0,1
0,0,1,0,0,0,0
0,0,1,0,0,0,0
0,0,1,0,0,0,0
0,0,0,0,0,1,0
0,0,0,0,0,0,1
0,0,1,0,0,0,0
0,0,0,0,0,1,0
0,0,1,0,0,0,0
0,0,1,0,0,1,1
0,0,1,0,0,0,0
0,0,1,0,0,1,0
0,0,1,0,0,0,0
0,0,0,0,0,0,1
0,0,1,0,0,0,0
0,0,0,0,0,1,1
0,0,0,0,0,1,0
0,0,0,0,0,0,1
0,0,0,0,0,1,0
0,0,0,0,0,0,1
0,0,1,0,0,1,1
0,0,1,0,0,1,0
0,0,0,0,0,1,0
0,0,1,0,0,0,0
0,0,1,0,0,0,0
0,0,1,0,0,0,0
0,0,1,0,0,0,0
0,1,1,0,0,1,0
0,0,0,0,0,1,1
0,0,0,0,0,1,1
0,0,0,0,0,1,1
0,0,1,0,0,0,0
0,0,1,0,0,1,0
0,0,0,0,0,1,1
0,0,0,0,0,0,1
0,0,0,0,0,1,1
0,0,0,0,0,0,1
0,0,0,0,0,1,0
0,0,1,0,0,0,0
0,0,1,0,0,0,0
0,0,0,0,0,1,0
0,0,0,0,0,0,1
0,0,0,0,0,1,0
0,0,0,0,0,0,1
0,0,1,0,0,0,1
0,0,0,0,0,1,0
0,0,1,0,0,1,1
0,0,0,0,0,1,0
0,0,1,0,0,0,0
0,0,1,0,0,0,0
0,0,0,0,0,1,0
0,0,1,0,0,1,0
0,0,1,0,0,0,0
0,0,1,0,0,0,0
0,0,1,0,0,0,0
0,0,0,0,0,0,1
0,0,1,0,0,1,0
0,0,0,0,0,1,1
0,0,1,0,0,0,0
0,0,0,0,0,0,1
0,0,0,0,0,1,0
0,0,1,0,0,0,0
0,0,0,0,0,1,1
0,0,0,0,0,0,1
0,0,0,0,0,0,1
0,0,0,0,0,1,0
0,0,0,0,0,1,0
0,0,0,0,0,0,1
0,0,0,0,0,0,1
0,0,0,0,0,1,0
0,0,1,0,0,0,0
0,0,1,0,0,1,0
0,0,0,0,0,1,0
0,0,0,0,0,1,0
0,0,0,0,0,1,0
0,0,1,0,0,0,0
0,0,1,0,0,0,0
0,0,1,0,0,0,0
0,0,0,0,0,1,1
0,0,0,0,0,0,1
0,0,0,0,0,1,0
0,0,1,0,0,0,0
0,0,1,0,0,0,0
0,0,0,0,0,0,1
0,0,0,0,0,1,1
0,0,0,0,0,0,1
0,0,0,0,0,1,1
0,0,0,0,0,0,1
0,0,0,0,0,0,1
0,0,1,0,0,0,0
0,0,1,0,0,0,0
0,0,0,0,0,0,1
0,0,0,0,0,1,0
0,0,0,0,0,1,1
0,0,0,0,0,0,1
0,0,1,0,0,1,1
0,0,1,0,0,0,0
0,0,1,0,0,0,1
0,0,0,0,0,0,1
0,0,0,0,0,1,0
0,0,1,0,0,0,0
0,0,1,0,0,1,0
0,1,0,0,0,1,0
0,0,1,0,0,0,0
0,0,0,0,0,1,0
0,0,0,0,0,0,1
0,0,1,0,0,1,0
0,0,0,0,0,1,0
0,0,0,0,0,1,1
0,0,1,0,0,0,0
0,0,0,0,0,1,0
0,0,0,0,0,1,0
0,0,0,0,0,1,0
0,0,1,0,0,1,0
0,0,0,0,0,1,0
0,0,0,0,0,1,0
0,0,1,0,0,1,0
0,0,1,0,0,0,0
0,0,1,0,0,1,0
0,0,1,0,0,0,0
0,0,0,0,0,1,1
0,0,1,0,0,1,0
0,0,1,0,0,0,0
0,0,1,0,0,1,0
0,0,1,0,0,0,0
0,0,0,0,0,1,0
0,0,0,0,0,1,0
0,0,0,0,0,0,1
0,0,0,0,0,1,0
0,0,1,0,0,0,0
0,0,1,0,0,0,0
0,0,0,0,0,1,0
0,0,1,0,0,1,1
0,0,1,0,0,0,0
0,0,1,0,0,0,0
0,0,1,0,0,0,0
0,0,0,0,0,1,0
0,0,1,0,0,0,1
0,0,0,0,0,0,1
0,0,0,0,0,0,1
0,0,1,0,0,1,0
0,0,1,0,0,0,0
0,0,0,0,0,0,1
0,0,0,0,0,1,1
0,0,1,0,0,0,0
0,0,0,0,0,1,0
0,0,1,0,0,1,0
0,0,0,0,0,1,0
0,0,1,0,0,0,0
0,0,0,0,0,1,0
0,0,0,0,0,0,1
0,0,0,0,0,0,1
0,0,0,0,0,1,0
0,0,0,0,0,0,1
0,0,0,0,0,1,0
0,0,0,0,0,1,1
0,0,0,0,0,0,1
0,0,1,0,0,1,0
0,0,0,0,0,1,0
0,0,1,0,0,0,0
0,0,1,0,0,0,0
0,0,1,0,0,0,0
0,0,1,0,0,0,0
0,0,1,0,0,1,0
0,0,0,0,0,1,1
0,0,1,0,0,0,0
0,0,0,0,0,0,1
0,0,0,0,0,0,1
0,0,0,0,0,1,0
0,0,1,0,0,0,0
0,0,1,0,0,1,0
0,0,0,0,0,0,1
0,0,0,0,0,1,0
0,0,1,0,0,0,0
0,0,1,0,0,0,0
0,0,0,0,0,0,1
0,0,0,0,0,0,1
0,0,1,0,0,0,0
0,0,1,0,0,0,0
0,0,0,0,0,1,0
0,0,1,0,0,0,0
0,0,1,0,0,0,0
0,0,0,0,0,1,0
0,0,0,0,0,1,1
0,0,1,0,0,0,0
0,0,0,0,0,0,1
0,0,0,0,0,1,0
0,0,1,0,0,0,0
0,0,0,0,0,1,1
0,0,0,0,0,1,0
0,0,0,0,0,1,0
0,0,0,0,0,1,0
0,0,0,0,0,0,1
0,0,0,0,0,0,1
0,0,0,0,0,1,1
0,0,0,0,0,1,0
0,0,0,0,0,0,1
0,0,0,0,0,0,1
0,0,0,0,0,0,1
0,0,0,0,0,0,1
0,0,0,0,0,0,1
0,0,0,0,0,1,1
0,0,0,0,0,1,0
0,0,0,0,0,1,0
0,0,1,0,0,0,0
0,0,0,0,0,1,0
0,0,0,0,0,0,1
0,0,0,0,0,0,1
0,0,0,0,0,1,0
0,0,0,0,0,1,0
0,0,1,0,0,0,0
0,0,1,0,0,0,0
0,0,0,0,0,0,1
0,0,1,0,0,1,0
0,0,1,0,0,0,0
0,0,1,0,0,0,0
0,0,1,0,0,1,1
0,0,0,0,0,1,0
0,0,1,0,0,1,0
0,0,1,0,0,1,0
0,0,0,0,0,1,1
0,0,0,0,0,1,1
0,0,1,0,0,1,1
0,0,0,0,0,1,0
0,0,1,0,0,0,0
0,0,1,0,0,0,0
0,0,1,0,0,1,0
0,0,1,0,0,0,0
0,0,0,0,0,0,1
0,0,1,0,0,0,0
0,0,0,0,0,1,0
0,0,1,0,0,1,1
0,0,1,0,0,1,1
0,0,1,0,0,0,1
0,0,1,0,0,1,1
0,0,1,0,0,0,1
0,0,0,0,0,0,1
0,0,1,0,0,1,0
0,0,1,0,0,0,0
0,0,0,0,0,1,1
0,0,1,0,0,0,0
0,0,1,0,0,1,0
0,0,0,0,0,0,1
0,0,0,0,0,1,0
0,0,1,0,0,0,0
0,0,1,0,0,0,0
0,0,1,0,0,0,0
0,0,0,0,0,1,0
0,0,1,0,0,0,0
0,0,1,0,0,1,0
0,0,0,0,0,1,0
0,0,1,0,0,0,0
0,0,0,0,0,1,1
0,0,0,0,0,1,0
0,0,0,0,0,0,1
0,0,1,0,0,0,0
0,0,0,0,0,0,1
0,0,1,0,0,0,0
0,0,1,0,0,0,1
0,0,1,0,0,0,0
0,0,1,0,0,0,0
0,0,1,0,0,1,1
0,0,0,0,0,1,0
0,0,0,0,0,0,1
0,0,0,0,0,0,1
0,0,0,0,0,1,0
0,0,0,0,0,1,0
0,0,1,0,0,0,0
0,0,1,0,0,0,1
0,0,0,0,0,1,0
0,0,1,0,0,1,1
0,0,0,0,0,0,1
0,0,0,0,0,1,0
0,0,0,0,0,1,1
0,0,1,0,0,0,0
0,0,0,0,0,1,1
0,0,0,0,0,0,1
0,0,0,0,0,1,1
0,0,1,0,0,0,1
0,0,1,0,0,1,0
0,0,0,0,0,0,1
0,0,0,0,0,1,0
0,0,0,0,0,1,0
0,0,1,0,0,0,0
0,0,0,0,0,1,0
0,0,0,0,0,1,0
0,0,1,0,0,0,0
0,0,0,0,0,0,1
0,0,1,0,0,0,0
0,0,0,0,0,1,1
0,0,0,0,0,1,0
0,0,0,0,0,1,0
0,0,0,0,0,1,0
0,0,0,0,0,1,1
0,0,0,0,0,1,1
0,0,0,0,0,0,1
0,0,1,0,0,0,0
0,0,0,0,0,1,1
0,0,0,0,0,1,0
0,0,1,0,0,1,0
0,0,1,0,0,0,0
0,0,0,0,0,0,1
0,0,0,0,0,1,0
0,0,0,0,0,1,0
0,0,1,0,0,0,0
0,0,1,0,0,1,0
0,0,0,0,0,0,1
0,0,1,0,0,1,0
0,0,0,0,0,1,0
0,0,0,0,0,0,1
0,0,0,0,0,1,0
0,0,0,0,0,0,1
0,0,1,0,0,0,0
0,0,0,0,0,1,0
0,0,0,0,0,0,1
0,0,1,0,0,0,0
0,0,1,0,0,1,0
0,0,1,0,0,0,0
0,0,0,0,0,0,1
0,0,1,0,0,0,0
0,0,1,0,0,1,0
0,0,0,0,0,1,1
0,0,1,0,0,0,0
0,0,0,0,0,1,0
0,0,1,0,0,1,0
0,0,1,0,0,0,0
0,0,1,0,0,1,0
0,0,0,0,0,1,1
0,0,0,0,0,1,0
0,0,1,0,0,1,0
0,0,0,0,0,0,1
0,0,1,0,0,0,1
0,0,1,0,0,1,0
0,0,1,0,0,0,0
0,0,1,0,0,0,0
0,0,1,0,0,0,0
0,0,1,0,0,0,0
0,0,0,0,0,1,0
0,0,1,0,0,0,1
0,0,0,0,0,1,0
0,0,0,0,0,0,1
0,0,0,0,0,1,0
0,0,0,0,0,1,0
0,0,1,0,0,1,0
0,0,0,0,0,1,0
0,0,1,0,0,0,1
0,0,1,0,0,1,0
0,0,1,0,0,0,0
0,0,0,0,0,1,0
0,0,1,0,0,0,0
0,0,1,0,0,0,0
0,0,0,0,0,1,0
0,0,0,0,0,1,0
0,0,1,0,0,0,0
0,0,1,0,0,1,0
0,0,1,0,0,0,0
0,0,0,0,0,1,0
0,0,1,0,0,0,0
0,0,0,0,0,1,1
0,0,1,0,0,0,0
0,0,0,0,0,1,1
0,0,1,0,0,1,0
0,0,1,0,0,1,0
0,0,1,0,0,1,0
0,0,1,0,0,0,0
0,0,0,0,0,1,1
0,0,1,0,0,1,0
0,0,0,0,0,1,0
0,0,1,0,0,0,0
0,0,0,0,0,1,0
0,0,0,0,0,1,0
0,0,1,0,0,1,0
0,0,0,0,0,1,0
0,0,1,0,0,1,0
0,0,0,0,0,1,1
0,0,0,0,0,1,0
0,0,1,0,0,0,0
0,0,0,0,0,1,0
0,0,0,0,0,1,0
0,0,1,0,0,0,0
0,0,1,0,0,1,0
0,0,1,0,0,0,0
0,0,0,0,0,1,0
0,0,0,0,0,1,0
0,0,1,0,0,0,0
0,0,0,0,0,0,1
0,0,1,0,0,0,0
0,0,1,0,0,1,0
0,0,0,0,0,1,0
0,0,1,0,0,1,0
0,0,1,0,0,0,0
0,0,1,0,0,1,0
0,0,0,0,0,1,0
0,0,0,0,0,1,0
0,0,1,0,0,0,0
0,0,1,0,0,1,0
0,0,1,0,0,0,0
0,0,1,0,0,0,0
0,0,1,0,0,0,0
0,0,1,0,0,0,0
0,0,1,0,0,0,0
0,0,0,0,0,1,0
0,0,1,0,0,1,0
0,0,0,0,0,1,0
0,0,1,0,0,1,0
0,0,1,0,0,1,0
0,0,0,0,0,0,1
0,0,1,0,0,1,0
0,0,1,0,0,1,0
0,0,0,0,0,1,0
0,0,1,0,0,1,0
0,0,0,0,0,0,1
0,0,1,0,0,0,0
0,0,0,0,0,1,1
0,0,0,0,0,1,0
0,0,0,0,0,0,1
0,0,0,0,0,0,1
0,0,1,0,0,0,0
0,0,0,0,0,1,1
0,0,0,0,0,0,1
0,0,0,0,0,0,1
0,0,0,0,0,0,1
0,0,0,0,0,0,1
0,0,0,0,0,1,0
0,0,1,0,0,0,0
0,0,1,0,0,0,0
0,0,1,0,0,0,0
0,0,1,0,0,1,0
0,0,1,0,0,0,0
0,0,0,0,0,0,1
0,0,1,0,0,1,0
0,0,0,0,0,1,0
0,0,1,0,0,1,0
0,0,1,0,0,0,0
0,0,0,0,0,1,0
0,0,1,0,0,0,0
0,0,0,0,0,1,0
0,0,0,0,0,1,0
0,0,0,0,0,1,0
0,0,0,0,0,1,0
0,0,0,0,0,0,1
0,0,1,0,0,0,0
0,0,1,0,0,0,0
0,0,1,0,0,1,0
0,0,1,0,0,0,0
0,0,1,0,0,0,0
0,0,0,0,0,0,1
0,0,1,0,0,0,0
0,0,0,0,0,0,1
0,0,1,0,0,1,1
0,0,0,0,0,1,0
0,0,1,0,0,1,0
0,0,1,0,0,0,0
0,0,0,0,0,0,1
0,0,1,0,0,0,0
0,0,1,0,0,1,0
0,0,0,0,0,0,1
0,0,0,0,0,1,0
0,0,1,0,0,0,0
0,0,0,0,0,1,0
0,0,0,0,0,1,0
0,0,0,0,0,1,1
0,0,1,0,0,0,0
0,0,0,0,0,1,0
0,0,0,0,0,1,1
0,0,0,0,0,0,1
0,0,0,0,0,1,0
0,0,1,0,0,1,0
0,0,1,0,0,1,1
0,0,0,0,0,1,1
0,0,1,0,0,1,0
