user	address
user0	0x324ec9421c051d1ec1855ef6fe49263c02b35c77
user1	0xeb52267585e80ae2ca905be8e9abffba9eb3fa1c
user2	0xcef260a5fed7a896bbe07b933b3a5c17aec094d8
user3	0x4d1a1e8e5fb1aabaf2d5fa91050432068cf522fb
user4	0x86c0a16ac019ee295949ee407a065b33c548ad11
user5	0xa501b93c22fc8987da18e86b6d638b690537d28b
user6	0xcf74582bfb803e77921f82e5f1f02587644eedac
user7	0xbf14ed620107b43308cdd7680d5b78ef8712f8b3
user8	0xbcd2a2031c1f0a7e315fad874ff5a51991bf7d46
user9	0xd4705c971f035f07b47cd7b166a989d1690145d8
user10	0x1fa2ba288b9d895b38e2ebcd2675b4c8e1c17dce
user11	0xbccf42390ad49186eeea98d174d6618e3cae607d
user12	0x893402e26baf171086b8396c70d1fad10ed3f5ec
user13	0xea4a2d06d2653f3b19067d5ca32f59b1414e38f7
user14	0xe852b39ca79950327c4282c59718049bdb8168ca
user15	0x633c7dc3eff643a6a5721740e715e47dac2f7515
user16	0x4b4d0e1e54fd0eaf4bd90a2524195bd6e0926c08
user17	0x263e647b431da17e65bb52e4877cf5b42aba550d
user18	0x9fa2c59a575ff93891c38d221550d53b5e81a8d1
user19	0xf670104e259463d7cb603c035a8a501e783260b7
user20	0x26c4bb3c95c6ca85d07c4b3a6160f64f7c648432
user21	0x6b53ab02c6721c14701df40b3b9ffd4f323d341f
user22	0xb1294aef97aa063cacb3664c1825a6feabca5d50
user23	0xd19f31245081ac5d36bf10e485d20fd44fda492c
user24	0xbcc9c19d4b0c37200668943bfead1e362317b9e6
user25	0x3c11afc64ed80a6127dd7a9ecda3ba5177ed511a
user26	0x0412e330f51c296003b88912278957c9f0e5a512
user27	0xad54cd98d8144b0c70e0525d38770567c8084d33
user28	0x705b33290ce6f7f89eeb276817e5d1e6afa2e961
user29	0x805c61bd86b381a2f094e02fa9e56adbcb4d6550
user30	0x1086f6596354e0ffe9b3b91990fdd8665f873843
user31	0x15df9eec0a7627be93a11583784f1fdc441292d7
user32	0xf794c4939c5679469a99529b9e6f0943f43ceacb
user33	0xc692a35454327f3f9fb626e24b6638e3787828da
user34	0x185d7caa2058374918cfa000333fc9c570d6a8d0
user35	0xdb4aa78336d7b40cfa2d01a03d73e3da387900ff
user36	0x0a8b751455b056d914902453b4aaa08c84f08b64
user37	0xc01bdb26de84afd9532421374d417b1964d49d6c
user38	0x049f3e7ceb319cfb0248c97bdf9a9029557ef20e
user39	0xa2346427a351e23c535571f6780608b9b77cb2dd
user40	0xb92612eac9d4bac4f988dbf3cc1efbc3d34dcdb6
user41	0xe3aad2d4f9545d3ce53bb5cd9ca929a9f7995837
user42	0x8b5fce22cea2477764cb9830cd0c34e1c6f0b457
user43	0x36f1871db346ad37f66a6cf0476b9b76b3e08bcd
user44	0x805b3fc01263d4b6b9e653fd4e897aaf27018a46
user45	0xbf489dde9267bd49a029499a996a4ed66555de88
user46	0x03d1c8015b191ad3be57e80e8d7b34062d65c5ce
user47	0x02ef280e97cab5dd741f17034ba5ae5f089718fb
user48	0xd762c7724ab746161559f5f8ce1df81b2c982d14
user49	0xe82c76c344a0bfbb1fc59f01910b9b62720188f0
user50	0x73df16638445be4c7345b31a2fc05253a17cb4bf
user51	0x097254e687e480b914ef83fa9d5089ed83fa3319
user52	0x5409e9e2f6cc8340d307fa15e0728adad54d6e8c
user53	0x3b4772a5e2befc37efea27e7043bd19de1417554
user54	0x94da43c587c515ad30ea86a208603a7586d2c25f
user55	0xcc4ee97301d7bfa33755bf35161c4cb3594719ac
user56	0x3c8cfc48fca36cd7e0a2ecbe8277c8ef1fa1392b
user57	0x881b1efc65ee2ff6e00e89166bb580b4505325c1
user58	0x68167a5e26171fd98111b3609ffde0a999f70bd7
user59	0x3b2298f2f56ce3a0587966df9d03617d8d39cbb8
user60	0x69c2aa77056f9e1a1330d079134dfc61e12f5821
user61	0xf4d0d7bddcfde8a3c3e46bd9bf45010073c7b735
user62	0xd39e6317a272f16fb4cbc9e6d39d2a4bf566302e
user63	0xfcc7c170df67b9eb8ead7f2f0e4a7fc9f4410427
user64	0x698a12b61aeb4b70f07d70f7afe1248431b730d6
user65	0x88343ea078307b5da3ca24a73ed946f1355381ce
user66	0xee4b22ee69345be3d3573464a3af94d61ccb746c
user67	0xa230a1c91c640da7a947c23a889a3bd68a171915
user68	0x117c47b4fd38dbd4451b82e83568a5bc59d6d1e4
user69	0xf2e9b5a72863cd130755d95ce24e62cc80c94e83
user70	0x4dc33b5d6c3aa7f9825d369b92906ace4e5b26fe
user71	0xe3c2fbffd4def15a4383eaf5176afd31b89dfdf7
user72	0xbc8ae329a8eeb0beb70032ffb1d41eb2581776ae
user73	0x741f0e84e8115dc41a03f27ade25ce8bfca3cd35
user74	0x730df76ba2b74f4cd93e9172b023cfec68e73932
user75	0x321d4bc1e4bc6a281ca88c9c99d2b143acd31bb6
user76	0xb6014d41db71076722aadb9df1b43ebbb479cb2b
user77	0x00b9f9883171ac2413937f7692093b91a2f5bb9f
user78	0x8b878ee3b32b0dfea6142f5ca1efeba8c5dfec7e
user79	0xb24c9e5e2eb59584c284858e2ee2a595b0d1753d
user80	0x7143a2f4ba59133d9ff7df48e088f8794dba020a
user81	0xae0d3dda7eab6ac60c987f73c63261b67bedfb0c
user82	0x2fd66e5817aba792d23ef67fd597ccb7705a6836
user83	0x9b5cf6637d71a82758bcaaa2ae5b6efd349c2a19
user84	0xff6c422c6e9a53200798a771f25b72b96d4eca64
user85	0x2527fedd0eb265b82126c7fec1ede54199302ecd
user86	0x03e57dc62e8add588c6a9ad9b6c905fa228412cf
user87	0x26d31d02eb6a89ff1925b7ec70e7eee1cd2e66e4
user88	0x4a68ec6a7f6fd56dab4fe7dee29e7b57783f78a5
user89	0xafb69ae026da42db45a4bfdb88c8e71e6a01e8d3
user90	0xadf495636960731b0d1fee8d06790710f48b263b
user91	0x74360de10df8c28134de4c27faf6febce8a0dffa
user92	0x904b0baedd887df21d2f3b87a0fb642dfe941c92
user93	0xaeb1e4b095e1787086f9da3fa3093cca4391cb49
user94	0xc01bcb5d0337899601690b2eab8432cefbce07b2
user95	0x4dce8e8de3de290ae1517a458b2336f56dd7c1b8
user96	0xc87564cbf0a6ada1ecc84c4a8031346fb1d05757
user97	0xa4aef49b15b075e355c427bf633a4969576f7d06
user98	0x3b80df1875e32ef3c2d6ebc983550e30e5fe027a
user99	0x85297464dd2b401cdd1d9d74bd2b72860af3eb11
user100	0x21f4c471e6ffcaf72a0ad3f18b0144f04eeded7e
user101	0xb2aa8897a1bfab53f4ea06eb3f50b7894057b522
user102	0x6f215da39f5c836063dc9faad9e87159edf09e96
user103	0x6d756c9595e23410974743898eede78a98c56899
user104	0xa6248c1dd5253c98a05042c8bc179d07e5732ae7
user105	0x43c296b3790f74cad95e4a4456a2765d809ccae0
user106	0x9c0e06dffac91d3c391a24f087d95b09ddf7d844
user107	0x36d6760ff6c8d4674ec39e8aca51afd36ff66b69
user108	0xea7c15c427081e9211b85aaea44220407536fb3d
user109	0x7660b6fd6929bcbcfc2406080bcb2ae80dcdeebc
user110	0x7298467bdab687c7cd8c2d2d5a6b9885d8051c07
user111	0xa1f5d1353569f05b76921aa937a50bbbd2dea7ed
user112	0x2fbe63176d5390fce95138d183f6189ff09686d3
user113	0xc79513de6c58e304e90b71584c9fe87185875985
user114	0x00ba14cf3f05d0b0ff79aa5e500eca08bf27d95c
user115	0x08d8200b6578decbe2b622bb1c5fdf3af1bc26d3
user116	0x48b7840b18341e8312bfabeba534cd17634e75dc
user117	0x61ec9b1f9547705227fe4854d4e90356a3d0a286
user118	0x42d343693bfd59488f080a04e6e57d47c68ddbbe
user119	0xcdcf5b1589a47ee6ad36bf92bc880fe165db9594
user120	0x514c86d091b5b7d512ebb154e788881a0cd113a5
user121	0x6a4a1f75341bbf24ed50ab0c76f347740ed1e927
user122	0xe235c553e83c6a2d300f5449f7c8137cd7667341
user123	0x9f2f974457454c7464ab3e0655bf78ceeb4b0a49
user124	0x8e1c71fda7b72d202502bf2cf2d35478c10c54eb
user125	0x534b9ce75c1719b1d7bba5241d6ddcecbc80e673
user126	0x14ee2b7d6201faec9ff40cb7ba986ccc3af969b2
user127	0x6efdf42f9861af10cc0cccbaa8e32c79df3de2bd
user128	0xeff17cf84ec091929b8fb03b78aac4990a1fdd08
user129	0x34cffe2ebd044eb2ecd68398251860333d8fc25d
user130	0x71d9ac52dad16fec080531eee976728030efe214
user131	0xc165247c72e0f87c4158caa0ec2a70a015ab75e9
user132	0x6d2739592b6265f7deb462239a9e77434dd22753
user133	0x275cc3970cc8d49581fec07cc5f64b0163d1fa9f
user134	0xebab62395ba725aa3ce57285afa29b9a8f081868
user135	0x31eb6400724dbef18e7f027048cb8666fb1fbfba
user136	0xbaa3fecb8173a9e8ff22ff27b90fd49e3e84699d
user137	0xf044d0785b2409bc2e3ba7b6855afd4990534e2d
user138	0x66e313aea8cb280b3ddd7500171b66c506687ea2
user139	0xa8bc583bb5d8a18832b27530802d3aa99f7b6cf9
user140	0x333f29145d4d9ce77cc2eed31e6fc0222f8ec2d3
user141	0x212759b6f60d86423c4958d6ffdbc73a56a5cb1e
user142	0xfad6c1318362730e51f72d097c1ba73dfecca00c
user143	0xbf9cb233bc4231bfd8de06dad90c91cfa11c9ca4
user144	0x4b450d0c9cf1106d88ece6c8597dcf3f863a1893
user145	0xeb5bc7e7fa4702c2cc124b4c6d010baf08734787
user146	0x467e8649e7d492addf27701e2f9916121adb2997
user147	0x4d808bd6ba14750830b47924c78b22585b8b246e
user148	0xaaf20fba0d4da587f32b19c7a1bf6569059cb6ba
user149	0x2b83e51a43eebba14a826f8f369ad46a62bf001e
user150	0x3e6df7d0b81df692c54cc9874595cb98d2969658
user151	0x326c2871957bb9b6a0e147ab21765a41d2d91c7a
user152	0xeafa18ba9f14070f6bf6b95a1ea14d53c7e83188
user153	0xd3525a9e61b6cdb9427f90dd5150e7fcd28b921b
user154	0x0a3f18e72a893446f7609c1d2626a1f041a5281b
user155	0x70990264e871458940d73c190bc29b0e63970c01
user156	0xde3327a20506738dbe826e496e0b63dbde4b6387
user157	0x3a689d221b99c95973f101c4441a00587c70cb0e
user158	0x356203e4b00724b1afd8291de0663decb5eed596
user159	0x4f0d861281161f39c62b790995fb1e7a0b81b07b
user160	0x4cf7cd1210bf735dcfb015a5457adf422ddff1f3
user161	0x16934613dbbc9284e7b2ab15e0c1271d726a1ef0
user162	0x699e978a951c223cce9e7e4908b2bb8a6c91da53
user163	0xa734bfff414addbc47c7caf7f0daf029688abbda
user164	0x0bd21b77f83ebd8e5accd3df54d802d7bd4fcb09
user165	0x4fd5601122c78495d7a3dafe4d1a13748749ca21
user166	0xa553907c31a5ad875645069b93eb6f7591351797
user167	0xe84eebe91bec8299400a1da5de23c28934842400
user168	0xf0109507947fc85e5f84f019cbcd36c04cdac717
user169	0x68fbe5cd0adffc426cd995c89b526944ac07949a
user170	0x8a9a7f450a914feef86471993c0e5327c066823b
user171	0x2c3adf66d8965519f66320e3d1ab879ae74e09e0
user172	0xa2ff623eb25cfb278b920c3ff2bbd1157fcb8800
user173	0x7ddb68a3b0b44d24f21e463af280efd9eef23a8a
user174	0x50c5e398267465dcbc19c512ed7ca8e345e35d67
user175	0xdc1a1dad0f871ae0712b4dea53d7263b7d814253
user176	0xfce432d22b8283a30530ff72b8754233f72f878c
user177	0xa18a5d084d3215000c2f02d8d09039fce0404a21
user178	0x01ab84f31ebbb0487ece7b24d55f8c45fb54e566
user179	0x8e0840b31bf3b4717445f33000ba07fe04941b16
user180	0x4f7e3238c38a1e2ba3097adb5052de15d6de0f88
user181	0xc5e0c9df635cd63e58502ca56d23b53f24801526
user182	0x6696434c09a592d986b08bee9e50e88629efe577
user183	0xebddd0fe6452cd02aed2d6b17de259dbcf9416f1
user184	0x1492d71c9073af5901db07494aa6ec3c10d1ebcb
user185	0x78a297e9b900e64396445256f1b794f106cd7d63
user186	0x4464543bfdc2521561a7fe358d3b23d0ffed339d
user187	0x72b0963690aaa58100b4b8ab4ec82c1dfdd5871a
user188	0xed77709048544cfc52538d92ad0b2777e9c24343
user189	0x3dfebee7c5ebcea5ddb4510dc4766b043108a76e
user190	0x4f59085cbfd64f5555e0505a508878a0c41fb633
user191	0x750a31fa07184caf87b6cce251d2f0d7928badde
user192	0x8c519fdef546e06ee0c88b1098f1130d1e5f56dc
user193	0xbf7431c43883ea5924d411ccdd6e953c8730a846
user194	0x11297b8dcc5ece27c03a2d16d5db4a5fd53e44b2
user195	0xb87b2714907ef7184af03defd0a7db543e908610
user196	0x41b888be6e9dccf4316df7454176f75b72f640de
user197	0xe41daacb78449364f9c2c432f3d6382b2b353d98
user198	0xc5927bfdf02ac5e7fd17404f489c1bd308acce63
user199	0xe3f33331bc6d8b285fa995228602ee583be794b0
user200	0xf5384ddb306d510e3d8aae608e1d2f5f3b4eb50b
user201	0xc5a1e9f0019ad27111bb54c51a1439ae897f6d60
user202	0xa3a4a2169a5eeff7183cdff56f2c117663f1ac2e
user203	0xad21aa7e846796e5559fe715fdef27f4dbe0f4cd
user204	0x54a50a80ba15636433863305d7feb332e64065ee
user205	0x698fa6437475f3f86df33ea0cb612ad529954811
user206	0x0ff2c889f3265a593a8f89d579474ba2ed375eb1
user207	0x294eb8c5e8e6aa944542c081f6028001713feb15
user208	0x43c9cf4cfae3486d9a786214acc7ba5bdfcdcca0
user209	0xd1fcd4b7f9bdac79d78381cbca196b2c34a21d69
user210	0xa2681054eef56068d5bdabc47e9933676fcc4578
user211	0xd34715e1a6a41722ec89c174c847fa3b603fb9bf
user212	0xa42ae3528e193e6222c69d34c446c4d64b20553e
user213	0x31d7d6537ca018421c6a51ed8d237a0879c8f6bd
user214	0xec1a274c950467f3dbe9b69a1746cbd2f09cf89d
user215	0xc1f08daf67dd951fb74e530ed566d66eb91d610c
user216	0x3a70e371cd7a6820c39455500a86ff01c19ae52a
user217	0x4cd1169396c38464e1e584f7db032efff25eaabd
user218	0xb4ec428aca8525df322687b214b8738268d52037
user219	0xdd5f75635b9c78b8097c7b01a1a7dcdcb8ab4479
user220	0xbd6cef1dcb503f7065ccab1494a21e3ef6e60cc9
user221	0x45bd8749234946af44dcf6041d7dd65f6af0d6b6
user222	0x23ff7df471066ece80b25e2f5a7027ee34649a34
user223	0x4f51ea54e86646dac60e002e6ed614c208bb8114
user224	0xb6637fb4047a464087970542d280b7911ec452d4
user225	0x7a620f1ad467487dd6b6353224f3ff7f5771a248
user226	0x525404995628308613b78c19bc6c9cc68ed02435
user227	0x08fa6cb120bb6bca990bda6788bc5ccc355172b8
user228	0xf68aca53d9cb295698d8b5227ae97029db2d2630
user229	0x8f1962830454a034e2d0da532d09cda4c0da170b
user230	0x6b02585a1d961c97a8ed3095cee806a2b8f8170b
user231	0xd15b3617bea9e9a6c5b7763c81274d3a7682d9b1
user232	0x130d2f277f714aa915582b909022df65c366a970
user233	0xa166e18cd6a58187af56d129db13666c31187e86
user234	0x9054c77f0e348095e3c867098b41f5c5390fdada
user235	0xbda2ca0611c2a952a4a25bfc175803912842c839
user236	0xb9ccfc18b941a2cc51a956aa6c83360eb9d58de7
user237	0xf16cb020a1ec79d395e68cde504b233ddf683be6
user238	0x4d2ab8306a80e0fedd77ee9e3f846611ab91a717
user239	0x1995c718d27feba4d67bec4bceb2d08bd7ef709d
user240	0x6da995d13df398e119672bf93fdc17650c4d4ccf
user241	0x1a577e257e23d3b915446b400e81b98d7e976a1d
user242	0x2093f1039bfa8b1735bbf74dc099c01282b3d621
user243	0x5f9319fcca2d64bf7c1bc388bb54ee221120a47f
user244	0x201cc681f3b20e2da59b17c7667929464a72caa9
user245	0xba9d6ccdd9cb69115d2f4dcb03e9bbb4dfdf2bbe
user246	0xf05641ec2717597db8a653049367387dbbc8822a
user247	0x0970691e40e79d81270e18d45925794eba253f7d
user248	0xaa85823e0581b6ba912501245e22141925488e91
user249	0x7980703aedf7dfb59584fc59128e489adea5aa22
user250	0xb46a9d727f9decb3d2f8097b340095e72d2704d0
user251	0x98122e76e1840d61a3fcdf5ca769821be6e8a5cb
user252	0x9824024af0380853cabccd14512751a959a33a8e
user253	0x0dbf94adffeec00b52ce13aee8e6fcb2babe47ab
user254	0xcea96f09f0317dd312296e3d9b08ed3f3aff2fd3
user255	0x57e3f23578575b3f0689eaa3337ae57e4d3db9f7
user256	0xfab73615a1cc0136bed63b29961c097f28394458
user257	0x1d77ed1368bd5f89420e98487c65e83c7a3ba6c4
user258	0x3d44d162240312c6d0b4fc138e53f638a87779d7
user259	0x75d7926bd9e475d1d8a0bcaa1c4f0d835d574d9e
user260	0x84356c1acf32691c1d1623132fd4ae9c560a3757
user261	0xbb81221fc76f6cb6dca7731adf06b2dbc4117c40
user262	0x9965ecc8f5f735f2172df6742af26543c858e49e
user263	0x5e6116a33750a28d34de4fc01e32a29f0ecd393b
user264	0x81b3da6d24a02f282862ad119c4d556ec4d99fdb
user265	0xf180fc4dc43b6b366ff6fbe6cd97cc2f07abe3d0
user266	0xa45a44211644d26affa66ac7972519df52efaa8e
user267	0xb903de5797b06452f665fcc1d4cc5d35b02df5e6
user268	0xe99edf419482d781ec246a58d72acb0eb98acde0
user269	0x06d45cefee79a1110729ceaf87f7421ccb6e5552
user270	0x3a848a893acb70d56e09d55e2337cd7c5bebd186
user271	0x313e32583e2dba06dc7a15e285de85d5e88a8508
user272	0xfcdf346acbe655e8c03fca16b15140817bfbb922
user273	0x6e3899b46b768d16ce0d70a798ecdd2714ca7f7e
user274	0x1b4fad422758b71f6e065c0e5b3bafa393d1dfd2
user275	0x3b14f375bb0d8188f508f387e5de7bc229377820
user276	0xab7075109ec5d7da584553b865e3e080503acdba
user277	0x366b318a279266e8baeb63c28df2248b452dfae0
user278	0xeaa1ba25576d98b2ada339dcf12684609dc24f13
user279	0xd7b5fd8f3d7cbf170e806d67fcec58b9218c9cc8
user280	0x497b7be3efeab5b76742540c6b53febf8e77142e
user281	0x5a30229d73ede6c1720facbcd30cd77a1be65cbd
user282	0xaf4451e6ea92c14fdbde55d4cfb6a4e6129a8c72
user283	0x798a8bbaf5e10d181801d1a9f559e659bc6a4be2
user284	0xbc794fdfda905711f3a7277bc94436b37c541985
user285	0x1f5653db69550e4eff96da2d6fc79c0b47d02b89
user286	0x96eac2418b9c708a2018621c1c927343084f245d
user287	0x66e2d2b8cfe06c865ff6664332ebb8e75bb42266
user288	0x10eaf1f8502701c9c1d2e831e31917dddb855fd5
user289	0x27f59dc231618efc3ab0f8e59c66bce07c37d9dc
user290	0xbc001eeeffe71b3e3b9b2f4737fd5d6b2b739c58
user291	0xe5a8eed10c62c9b30912ebd9964e4459a8b516ce
user292	0x94d35577f190b4c22253b63d496604dd3759287d
user293	0x6be5051eafea536aff59d21d45c61aaab9e52f75
user294	0xf9361227851e6cb25f71ec8b339537f9552349d5
user295	0xa98e555ee1862ea627979099e252900df5b590e7
user296	0x6831ba00098cce778f8d711470eb43dc76b057a3
user297	0x257318f1891469f3f8a1b724d5a428943edf3ebe
user298	0x0e378b74a39e59f41f08ed7c47396fb77c9c8bd2
user299	0xcf4bc4ca3cdd9f386abc4cc692b23edc49059131
user300	0xed1f1fdf6d3e7aeec8366d07be12ad62edb535a3
user301	0x1508638e2ee815141e075a7857c534cab07f5760
user302	0x18101766d71482504a01ddd2c4c0815964d8ba1a
user303	0x1b976a361fe836d5812ee44c3048a979d160fc02
user304	0xfd8e716694e95bdc116634dbb0a34afbbb3b01a6
user305	0x5ef05056189a2fd2a12657ed0dfba7c667149edf
user306	0xc5dca91a141b71aca9d08cf7250b4a099eaba083
user307	0x91e370ef30cbebcf205b812c5a6f4903a490dced
user308	0x37c289b3b2dec54ed993fbd88d43223914efacde
user309	0xd162b839f5821e08554fca3a852c74da126e7c1c
user310	0x3baf3b8c579f04bc4ed0b6e1ea0ccb224f2f5eda
user311	0xd19908f0faeda67b26a37e4e8d84fb5c8518ab1e
user312	0xdb38c06bf72cf2fffff2df46a10aa8b018adddc1
user313	0x547d748e3abe393d8c3d63648186ba7ed19a9dcb
user314	0x083288df1503e4e668e409d1e85ebd3b143aa2a6
user315	0xc11149ec613edfda39c6fe271d95caa3e833023e
user316	0x98fcec8ceee1cdec9eeca6359ed0a4f71c1ae47d
user317	0xa9f7c4b8af7e775efac5b2c23fbcb7e2fc0e509d
user318	0x41bb804c1ac4388acea27766c59ef9b477a42a21
user319	0x475afe17c499a5f7282d3a2bc52438bf29e9093f
user320	0xc2a5af98549058e60c5c443c6448ece8b3c591d2
user321	0x51d38152f008ffecab039bd9c790ea9629057ccd
user322	0x2ec8124c0d911efec8b1c7a7b5f1217419b0f548
user323	0xc27f848f0986044fa0c63b32193a597aeb8f666b
user324	0x7485ac6d8534691993348d51ab0f131a19fff763
user325	0xeb78f9a84c420238dfa8c8db0866de7f69c8aa4f
user326	0x764d2f2e65153a08c5509235334b08be2ae02915
user327	0xed1a48ced6b39b3ecd82ea42c4a28fbaa0341c6c
user328	0x12ff9ced03bf668450abca751688c22729a754be
user329	0xfa01bfbb16a85942bdb4bf83dad34812435198ce
user330	0xe3a2b76b10da363541e8530d8356bde0efe6f087
user331	0xdd2ad96a18636786418b420fe7741d98ddaf378d
user332	0xbd5f60377511ffbc868ccb916e0cd660753c3fd5
user333	0x58b256ca58cb4763e0db53a546c29e1a72c3c553
user334	0x0f4b4367f7656b54bc475230485ea854267d07d0
user335	0x529028f870ea6edf54fe710716d3c29f6fc0a0b6
user336	0xa5016174f31c3ef1233f24fd812959b195fa372b
user337	0x80773453d64ffb8716ea6ff6d93c1526a67b65cc
user338	0x86964a7e1c0a8d1e231af30f860d3c3a24e19d01
user339	0x1665e27eced76a256710513605781b28e380bab6
user340	0x6dc18c37fb9b331e9ddc416fdbe0751fd5eb446f
user341	0x393d8db0fe49e0bc41b9be16fce90943bfe5b07e
user342	0x3a5dda278571d8d2250348891344c518141a5163
user343	0x08b224625c88231033218fc9e648c5d4af02ebb2
user344	0x6d8d69f11018304e3cea72c7d19cfb5c42329312
user345	0xd1bcd5c26d047aa302b4d873ca471e1ec428f01b
user346	0x1c69484fbbafccf65bfc83323f7c5d94f961db73
user347	0xe620748f0ddaa358a3ffbbac2968e2cc799a9fdb
user348	0x2f52470e1123bc1f1eafa732a9cd7f987a711044
user349	0x9e0898aa9993fdd04c45a60d5e300009f00eb195
user350	0xd51d5648eadc3fa27127aed07c8784f5d54134f0
user351	0xa7eaf0d049e703cc77e4d29bcf1240f4d2bd875e
user352	0x1f863a5dd1c404eda1fd0d3f636d040a8eeb1212
user353	0xa7444ec396c8da23e6bcae1a5eb8d97ea67a8b00
user354	0x1d997ffd39dc61f271750c410a85dd249927f731
user355	0x8d69895056d2c6ebc425ab60c97a9530edb434d4
user356	0x4d9cd3ca596064522253b38afbb1b3a83f450c42
user357	0xa51e3424da4d1bbb70db09355949dcad942fc2f7
user358	0x0bcb6decea6eb6c38c51867020988919e40c1765
user359	0x7719fbd3b378c4af8a20f23276dc4cb84b16eb15
user360	0x43db22007fb6427b277b2abc9fef06d3c278c4d8
user361	0x952c53fc5e13f910cbcb06d6de1d05f127a69aa7
user362	0xb9285c321888ac0e9939a4aa19f835c637e49adb
user363	0x79adbe948335dfaa8d593ae651c245ffab4be538
user364	0x769701973d64f4bdce4389771d97981238b478ca
user365	0x22afd91adbce9441cdc060404f6df150746e9e70
user366	0x2ac37fb23051f73540e72afc8201506f3a8cc1fa
user367	0xf98d104a61a0c89e9ab8bd06a4f124c524df4850
user368	0xee4e5951a40aacf2ab525a664b7b4677eb335a17
user369	0x93da53f4a9258cd249b038be7b6d645d3c6e4437
user370	0xe0ce731b2b0cf109cbe7faa723b9aac1341aae05
user371	0x60bc27a2d58ed6b9d035731c2d2e577e4fe482f0
user372	0x9a96a4105531d971cfb97b432eb168a1ddaacc40
user373	0xd938514d6dc9e58efd9a6cf0252a0af40fdba97e
user374	0x93bb96923f7d4c14e89a5f310f968eeacd065e6b
user375	0x3161b40300d70a986e15e153b19949b5167320f0
user376	0x7583168b4e7335aa022cd8e9e64f19b6895eafe2
user377	0x91c2b73fb980b3a88f84f7c55018996676417503
user378	0x402fb0eec3be7db46fc5e15e1992dcc0656e96c6
user379	0xade4eb8f77f456641e12081f4dad687eb9e944d5
user380	0x000083b515eab3373e1d9d2e1eb9ac15280cb39d
user381	0x0d327122aa540349b9ce2dfdc321b4c654ab510a
user382	0x113e9fb8c2f4fb57959f72446b265b5b64671495
user383	0x498699113b69b579c842821a3812a68204a9f880
user384	0x0dc5db94f562346562d8443ee98ecf73f4003865
user385	0x4c524d6e67752771b82a57cde7dfa836633cf5df
user386	0xa211d9ea591048626babcd938926443cc0a1dfbc
user387	0xedd8248449e52d6fd07fb6d7b08821c900cd9780
user388	0xa2a44c37d6abb8dfd1789bb81d89bb59e5679ee1
user389	0xcd7868b784a7a6db12dd4f1c95f1e88bd6b986fc
user390	0x4f31bfdee182626076e98a2aa6cbef2d490bda4c
user391	0xc0b9d32df371b4da6b4daa17bcfd2062f85906e3
user392	0xe8420c701bed54313f237935fad75a19f2171c6c
user393	0x1b11679b3e0bd6730f7b28bdffd6bd339490d7d6
user394	0xa2aa8d4af547e2abe9a78747ca7738844b2d2258
user395	0xdd6df7c6c4f258093083a979f103f3b7d84983d5
user396	0xdfdf12c3ca6b81d05968b1e314cc004889e5e9b8
user397	0x907ad9f85f3fc5a19ae9b936a39185342c6bf7bb
user398	0x95222cc2ff7a3fa53db061c1b84de7e636d21176
user399	0x3d3d72290b78d51f5f59ddf495dad72fdb348a9d
user400	0xd71b48654d447e128f1e0bb072bd627242f98ab2
